省级	地市级	区划代码	地名	区划级别	省会	批注
京		110000	北京市	省级		根据民政部公开2020年底数据
京		110101	东城区	县区		
京		110102	西城区	县区		
京		110105	朝阳区	县区		
京		110106	丰台区	县区		
京		110107	石景山区	县区		
京		110108	海淀区	县区		
京		110109	门头沟区	县区		
京		110111	房山区	县区		
京		110112	通州区	县区	√	
京		110113	顺义区	县区		
京		110114	昌平区	县区		
京		110115	大兴区	县区		
京		110116	怀柔区	县区		
京		110117	平谷区	县区		
京		110118	密云区	县区		
京		110119	延庆区	县区		
津		120000	天津市	省级		
津		120101	和平区	县区		
津		120102	河东区	县区		
津		120103	河西区	县区	√	
津		120104	南开区	县区		
津		120105	河北区	县区		
津		120106	红桥区	县区		
津		120110	东丽区	县区		
津		120111	西青区	县区		
津		120112	津南区	县区		
津		120113	北辰区	县区		
津		120114	武清区	县区		
津		120115	宝坻区	县区		
津		120116	滨海新区	县区		
津		120117	宁河区	县区		
津		120118	静海区	县区		
津		120119	蓟州区	县区		
冀		130000	河北省	省级		
冀	石家庄市	130100	石家庄市	地市级	√	
冀		130102	长安区	县区		
冀		130104	桥西区	县区		
冀		130105	新华区	县区		
冀		130107	井陉矿区	县区		
冀		130108	裕华区	县区		
冀		130109	藁城区	县区		
冀		130110	鹿泉区	县区		
冀		130111	栾城区	县区		
冀		130121	井陉县	县区		
冀		130123	正定县	县区		
冀		130125	行唐县	县区		
冀		130126	灵寿县	县区		
冀		130127	高邑县	县区		
冀		130128	深泽县	县区		
冀		130129	赞皇县	县区		
冀		130130	无极县	县区		
冀		130131	平山县	县区		
冀		130132	元氏县	县区		
冀		130133	赵县	县区		
冀		130181	辛集市	县区		
冀		130183	晋州市	县区		
冀		130184	新乐市	县区		
冀	唐山市	130200	唐山市	地市级		
冀		130202	路南区	县区		
冀		130203	路北区	县区		
冀		130204	古冶区	县区		
冀		130205	开平区	县区		
冀		130207	丰南区	县区		
冀		130208	丰润区	县区		
冀		130209	曹妃甸区	县区		
冀		130224	滦南县	县区		
冀		130225	乐亭县	县区		
冀		130227	迁西县	县区		
冀		130229	玉田县	县区		
冀		130281	遵化市	县区		
冀		130283	迁安市	县区		
冀		130284	滦州市	县区		
冀	秦皇岛市	130300	秦皇岛市	地市级		
冀		130302	海港区	县区		
冀		130303	山海关区	县区		
冀		130304	北戴河区	县区		
冀		130306	抚宁区	县区		
冀		130321	青龙满族自治县	县区		
冀		130322	昌黎县	县区		
冀		130324	卢龙县	县区		
冀	邯郸市	130400	邯郸市	地市级		
冀		130402	邯山区	县区		
冀		130403	丛台区	县区		
冀		130404	复兴区	县区		
冀		130406	峰峰矿区	县区		
冀		130407	肥乡区	县区		
冀		130408	永年区	县区		
冀		130423	临漳县	县区		
冀		130424	成安县	县区		
冀		130425	大名县	县区		
冀		130426	涉县	县区		
冀		130427	磁县	县区		
冀		130430	邱县	县区		
冀		130431	鸡泽县	县区		
冀		130432	广平县	县区		
冀		130433	馆陶县	县区		
冀		130434	魏县	县区		
冀		130435	曲周县	县区		
冀		130481	武安市	县区		
冀	邢台市	130500	邢台市	地市级		
冀		130502	襄都区	县区		
冀		130503	信都区	县区		
冀		130505	任泽区	县区		
冀		130506	南和区	县区		
冀		130522	临城县	县区		
冀		130523	内丘县	县区		
冀		130524	柏乡县	县区		
冀		130525	隆尧县	县区		
冀		130528	宁晋县	县区		
冀		130529	巨鹿县	县区		
冀		130530	新河县	县区		
冀		130531	广宗县	县区		
冀		130532	平乡县	县区		
冀		130533	威县	县区		
冀		130534	清河县	县区		
冀		130535	临西县	县区		
冀		130581	南宫市	县区		
冀		130582	沙河市	县区		
冀	保定市	130600	保定市	地市级		
冀		130602	竞秀区	县区		
冀		130606	莲池区	县区		
冀		130607	满城区	县区		
冀		130608	清苑区	县区		
冀		130609	徐水区	县区		
冀		130623	涞水县	县区		
冀		130624	阜平县	县区		
冀		130626	定兴县	县区		
冀		130627	唐县	县区		
冀		130628	高阳县	县区		
冀		130629	容城县	县区		
冀		130630	涞源县	县区		
冀		130631	望都县	县区		
冀		130632	安新县	县区		
冀		130633	易县	县区		
冀		130634	曲阳县	县区		
冀		130635	蠡县	县区		
冀		130636	顺平县	县区		
冀		130637	博野县	县区		
冀		130638	雄县	县区		
冀		130681	涿州市	县区		
冀		130682	定州市	县区		
冀		130683	安国市	县区		
冀		130684	高碑店市	县区		
冀	张家口市	130700	张家口市	地市级		
冀		130702	桥东区	县区		
冀		130703	桥西区	县区		
冀		130705	宣化区	县区		
冀		130706	下花园区	县区		
冀		130708	万全区	县区		
冀		130709	崇礼区	县区		
冀		130722	张北县	县区		
冀		130723	康保县	县区		
冀		130724	沽源县	县区		
冀		130725	尚义县	县区		
冀		130726	蔚县	县区		
冀		130727	阳原县	县区		
冀		130728	怀安县	县区		
冀		130730	怀来县	县区		
冀		130731	涿鹿县	县区		
冀		130732	赤城县	县区		
冀	承德市	130800	承德市	地市级		
冀		130802	双桥区	县区		
冀		130803	双滦区	县区		
冀		130804	鹰手营子矿区	县区		
冀		130821	承德县	县区		
冀		130822	兴隆县	县区		
冀		130824	滦平县	县区		
冀		130825	隆化县	县区		
冀		130826	丰宁满族自治县	县区		
冀		130827	宽城满族自治县	县区		
冀		130828	围场满族蒙古族自治县	县区		
冀		130881	平泉市	县区		
冀	沧州市	130900	沧州市	地市级		
冀		130902	新华区	县区		
冀		130903	运河区	县区		
冀		130921	沧县	县区		
冀		130922	青县	县区		
冀		130923	东光县	县区		
冀		130924	海兴县	县区		
冀		130925	盐山县	县区		
冀		130926	肃宁县	县区		
冀		130927	南皮县	县区		
冀		130928	吴桥县	县区		
冀		130929	献县	县区		
冀		130930	孟村回族自治县	县区		
冀		130981	泊头市	县区		
冀		130982	任丘市	县区		
冀		130983	黄骅市	县区		
冀		130984	河间市	县区		
冀	廊坊市	131000	廊坊市	地市级		
冀		131002	安次区	县区		
冀		131003	广阳区	县区		
冀		131022	固安县	县区		
冀		131023	永清县	县区		
冀		131024	香河县	县区		
冀		131025	大城县	县区		
冀		131026	文安县	县区		
冀		131028	大厂回族自治县	县区		
冀		131081	霸州市	县区		
冀		131082	三河市	县区		
冀	衡水市	131100	衡水市	地市级		
冀		131102	桃城区	县区		
冀		131103	冀州区	县区		
冀		131121	枣强县	县区		
冀		131122	武邑县	县区		
冀		131123	武强县	县区		
冀		131124	饶阳县	县区		
冀		131125	安平县	县区		
冀		131126	故城县	县区		
冀		131127	景县	县区		
冀		131128	阜城县	县区		
冀		131182	深州市	县区		
晋		140000	山西省	省级		
晋	太原市	140100	太原市	地市级	√	
晋		140105	小店区	县区		
晋		140106	迎泽区	县区		
晋		140107	杏花岭区	县区		
晋		140108	尖草坪区	县区		
晋		140109	万柏林区	县区		
晋		140110	晋源区	县区		
晋		140121	清徐县	县区		
晋		140122	阳曲县	县区		
晋		140123	娄烦县	县区		
晋		140181	古交市	县区		
晋	大同市	140200	大同市	地市级		
晋		140212	新荣区	县区		
晋		140213	平城区	县区		
晋		140214	云冈区	县区		
晋		140215	云州区	县区		
晋		140221	阳高县	县区		
晋		140222	天镇县	县区		
晋		140223	广灵县	县区		
晋		140224	灵丘县	县区		
晋		140225	浑源县	县区		
晋		140226	左云县	县区		
晋	阳泉市	140300	阳泉市	地市级		
晋		140302	城区	县区		
晋		140303	矿区	县区		
晋		140311	郊区	县区		
晋		140321	平定县	县区		
晋		140322	盂县	县区		
晋	长治市	140400	长治市	地市级		
晋		140403	潞州区	县区		
晋		140404	上党区	县区		
晋		140405	屯留区	县区		
晋		140406	潞城区	县区		
晋		140423	襄垣县	县区		
晋		140425	平顺县	县区		
晋		140426	黎城县	县区		
晋		140427	壶关县	县区		
晋		140428	长子县	县区		
晋		140429	武乡县	县区		
晋		140430	沁县	县区		
晋		140431	沁源县	县区		
晋	晋城市	140500	晋城市	地市级		
晋		140502	城区	县区		
晋		140521	沁水县	县区		
晋		140522	阳城县	县区		
晋		140524	陵川县	县区		
晋		140525	泽州县	县区		
晋		140581	高平市	县区		
晋	朔州市	140600	朔州市	地市级		
晋		140602	朔城区	县区		
晋		140603	平鲁区	县区		
晋		140621	山阴县	县区		
晋		140622	应县	县区		
晋		140623	右玉县	县区		
晋		140681	怀仁市	县区		
晋	晋中市	140700	晋中市	地市级		
晋		140702	榆次区	县区		
晋		140703	太谷区	县区		
晋		140721	榆社县	县区		
晋		140722	左权县	县区		
晋		140723	和顺县	县区		
晋		140724	昔阳县	县区		
晋		140725	寿阳县	县区		
晋		140727	祁县	县区		
晋		140728	平遥县	县区		
晋		140729	灵石县	县区		
晋		140781	介休市	县区		
晋	运城市	140800	运城市	地市级		
晋		140802	盐湖区	县区		
晋		140821	临猗县	县区		
晋		140822	万荣县	县区		
晋		140823	闻喜县	县区		
晋		140824	稷山县	县区		
晋		140825	新绛县	县区		
晋		140826	绛县	县区		
晋		140827	垣曲县	县区		
晋		140828	夏县	县区		
晋		140829	平陆县	县区		
晋		140830	芮城县	县区		
晋		140881	永济市	县区		
晋		140882	河津市	县区		
晋	忻州市	140900	忻州市	地市级		
晋		140902	忻府区	县区		
晋		140921	定襄县	县区		
晋		140922	五台县	县区		
晋		140923	代县	县区		
晋		140924	繁峙县	县区		
晋		140925	宁武县	县区		
晋		140926	静乐县	县区		
晋		140927	神池县	县区		
晋		140928	五寨县	县区		
晋		140929	岢岚县	县区		
晋		140930	河曲县	县区		
晋		140931	保德县	县区		
晋		140932	偏关县	县区		
晋		140981	原平市	县区		
晋	临汾市	141000	临汾市	地市级		
晋		141002	尧都区	县区		
晋		141021	曲沃县	县区		
晋		141022	翼城县	县区		
晋		141023	襄汾县	县区		
晋		141024	洪洞县	县区		
晋		141025	古县	县区		
晋		141026	安泽县	县区		
晋		141027	浮山县	县区		
晋		141028	吉县	县区		
晋		141029	乡宁县	县区		
晋		141030	大宁县	县区		
晋		141031	隰县	县区		
晋		141032	永和县	县区		
晋		141033	蒲县	县区		
晋		141034	汾西县	县区		
晋		141081	侯马市	县区		
晋		141082	霍州市	县区		
晋	吕梁市	141100	吕梁市	地市级		
晋		141102	离石区	县区		
晋		141121	文水县	县区		
晋		141122	交城县	县区		
晋		141123	兴县	县区		
晋		141124	临县	县区		
晋		141125	柳林县	县区		
晋		141126	石楼县	县区		
晋		141127	岚县	县区		
晋		141128	方山县	县区		
晋		141129	中阳县	县区		
晋		141130	交口县	县区		
晋		141181	孝义市	县区		
晋		141182	汾阳市	县区		
蒙		150000	内蒙古自治区	省级		
蒙	呼和浩特市	150100	呼和浩特市	地市级	√	
蒙		150102	新城区	县区		
蒙		150103	回民区	县区		
蒙		150104	玉泉区	县区		
蒙		150105	赛罕区	县区		
蒙		150121	土默特左旗	县区		
蒙		150122	托克托县	县区		
蒙		150123	和林格尔县	县区		
蒙		150124	清水河县	县区		
蒙		150125	武川县	县区		
蒙	包头市	150200	包头市	地市级		
蒙		150202	东河区	县区		
蒙		150203	昆都仑区	县区		
蒙		150204	青山区	县区		
蒙		150205	石拐区	县区		
蒙		150206	白云鄂博矿区	县区		
蒙		150207	九原区	县区		
蒙		150221	土默特右旗	县区		
蒙		150222	固阳县	县区		
蒙		150223	达尔罕茂明安联合旗	县区		
蒙	乌海市	150300	乌海市	地市级		
蒙		150302	海勃湾区	县区		
蒙		150303	海南区	县区		
蒙		150304	乌达区	县区		
蒙	赤峰市	150400	赤峰市	地市级		
蒙		150402	红山区	县区		
蒙		150403	元宝山区	县区		
蒙		150404	松山区	县区		
蒙		150421	阿鲁科尔沁旗	县区		
蒙		150422	巴林左旗	县区		
蒙		150423	巴林右旗	县区		
蒙		150424	林西县	县区		
蒙		150425	克什克腾旗	县区		
蒙		150426	翁牛特旗	县区		
蒙		150428	喀喇沁旗	县区		
蒙		150429	宁城县	县区		
蒙		150430	敖汉旗	县区		
蒙	通辽市	150500	通辽市	地市级		
蒙		150502	科尔沁区	县区		
蒙		150521	科尔沁左翼中旗	县区		
蒙		150522	科尔沁左翼后旗	县区		
蒙		150523	开鲁县	县区		
蒙		150524	库伦旗	县区		
蒙		150525	奈曼旗	县区		
蒙		150526	扎鲁特旗	县区		
蒙		150581	霍林郭勒市	县区		
蒙	鄂尔多斯市	150600	鄂尔多斯市	地市级		
蒙		150602	东胜区	县区		
蒙		150603	康巴什区	县区		
蒙		150621	达拉特旗	县区		
蒙		150622	准格尔旗	县区		
蒙		150623	鄂托克前旗	县区		
蒙		150624	鄂托克旗	县区		
蒙		150625	杭锦旗	县区		
蒙		150626	乌审旗	县区		
蒙		150627	伊金霍洛旗	县区		
蒙	呼伦贝尔市	150700	呼伦贝尔市	地市级		
蒙		150702	海拉尔区	县区		
蒙		150703	扎赉诺尔区	县区		
蒙		150721	阿荣旗	县区		
蒙		150722	莫力达瓦达斡尔族自治旗	县区		
蒙		150723	鄂伦春自治旗	县区		
蒙		150724	鄂温克族自治旗	县区		
蒙		150725	陈巴尔虎旗	县区		
蒙		150726	新巴尔虎左旗	县区		
蒙		150727	新巴尔虎右旗	县区		
蒙		150781	满洲里市	县区		
蒙		150782	牙克石市	县区		
蒙		150783	扎兰屯市	县区		
蒙		150784	额尔古纳市	县区		
蒙		150785	根河市	县区		
蒙	巴彦淖尔市	150800	巴彦淖尔市	地市级		
蒙		150802	临河区	县区		
蒙		150821	五原县	县区		
蒙		150822	磴口县	县区		
蒙		150823	乌拉特前旗	县区		
蒙		150824	乌拉特中旗	县区		
蒙		150825	乌拉特后旗	县区		
蒙		150826	杭锦后旗	县区		
蒙	乌兰察布市	150900	乌兰察布市	地市级		
蒙		150902	集宁区	县区		
蒙		150921	卓资县	县区		
蒙		150922	化德县	县区		
蒙		150923	商都县	县区		
蒙		150924	兴和县	县区		
蒙		150925	凉城县	县区		
蒙		150926	察哈尔右翼前旗	县区		
蒙		150927	察哈尔右翼中旗	县区		
蒙		150928	察哈尔右翼后旗	县区		
蒙		150929	四子王旗	县区		
蒙		150981	丰镇市	县区		
蒙	兴安盟	152200	兴安盟	地市级		
蒙		152201	乌兰浩特市	县区		
蒙		152202	阿尔山市	县区		
蒙		152221	科尔沁右翼前旗	县区		
蒙		152222	科尔沁右翼中旗	县区		
蒙		152223	扎赉特旗	县区		
蒙		152224	突泉县	县区		
蒙	锡林郭勒盟	152500	锡林郭勒盟	地市级		
蒙		152501	二连浩特市	县区		
蒙		152502	锡林浩特市	县区		
蒙		152522	阿巴嘎旗	县区		
蒙		152523	苏尼特左旗	县区		
蒙		152524	苏尼特右旗	县区		
蒙		152525	东乌珠穆沁旗	县区		
蒙		152526	西乌珠穆沁旗	县区		
蒙		152527	太仆寺旗	县区		
蒙		152528	镶黄旗	县区		
蒙		152529	正镶白旗	县区		
蒙		152530	正蓝旗	县区		
蒙		152531	多伦县	县区		
蒙	阿拉善盟	152900	阿拉善盟	地市级		
蒙		152921	阿拉善左旗	县区		
蒙		152922	阿拉善右旗	县区		
蒙		152923	额济纳旗	县区		
辽		210000	辽宁省	省级		
辽	沈阳市	210100	沈阳市	副省级	√	
辽		210102	和平区	县区		
辽		210103	沈河区	县区		
辽		210104	大东区	县区		
辽		210105	皇姑区	县区		
辽		210106	铁西区	县区		
辽		210111	苏家屯区	县区		
辽		210112	浑南区	县区		
辽		210113	沈北新区	县区		
辽		210114	于洪区	县区		
辽		210115	辽中区	县区		
辽		210123	康平县	县区		
辽		210124	法库县	县区		
辽		210181	新民市	县区		
辽	大连市	210200	大连市	副省级		
辽		210202	中山区	县区		
辽		210203	西岗区	县区		
辽		210204	沙河口区	县区		
辽		210211	甘井子区	县区		
辽		210212	旅顺口区	县区		
辽		210213	金州区	县区		
辽		210214	普兰店区	县区		
辽		210224	长海县	县区		
辽		210281	瓦房店市	县区		
辽		210283	庄河市	县区		
辽	鞍山市	210300	鞍山市	地市级		
辽		210302	铁东区	县区		
辽		210303	铁西区	县区		
辽		210304	立山区	县区		
辽		210311	千山区	县区		
辽		210321	台安县	县区		
辽		210323	岫岩满族自治县	县区		
辽		210381	海城市	县区		
辽	抚顺市	210400	抚顺市	地市级		
辽		210402	新抚区	县区		
辽		210403	东洲区	县区		
辽		210404	望花区	县区		
辽		210411	顺城区	县区		
辽		210421	抚顺县	县区		
辽		210422	新宾满族自治县	县区		
辽		210423	清原满族自治县	县区		
辽	本溪市	210500	本溪市	地市级		
辽		210502	平山区	县区		
辽		210503	溪湖区	县区		
辽		210504	明山区	县区		
辽		210505	南芬区	县区		
辽		210521	本溪满族自治县	县区		
辽		210522	桓仁满族自治县	县区		
辽	丹东市	210600	丹东市	地市级		
辽		210602	元宝区	县区		
辽		210603	振兴区	县区		
辽		210604	振安区	县区		
辽		210624	宽甸满族自治县	县区		
辽		210681	东港市	县区		
辽		210682	凤城市	县区		
辽	锦州市	210700	锦州市	地市级		
辽		210702	古塔区	县区		
辽		210703	凌河区	县区		
辽		210711	太和区	县区		
辽		210726	黑山县	县区		
辽		210727	义县	县区		
辽		210781	凌海市	县区		
辽		210782	北镇市	县区		
辽	营口市	210800	营口市	地市级		
辽		210802	站前区	县区		
辽		210803	西市区	县区		
辽		210804	鲅鱼圈区	县区		
辽		210811	老边区	县区		
辽		210881	盖州市	县区		
辽		210882	大石桥市	县区		
辽	阜新市	210900	阜新市	地市级		
辽		210902	海州区	县区		
辽		210903	新邱区	县区		
辽		210904	太平区	县区		
辽		210905	清河门区	县区		
辽		210911	细河区	县区		
辽		210921	阜新蒙古族自治县	县区		
辽		210922	彰武县	县区		
辽	辽阳市	211000	辽阳市	地市级		
辽		211002	白塔区	县区		
辽		211003	文圣区	县区		
辽		211004	宏伟区	县区		
辽		211005	弓长岭区	县区		
辽		211011	太子河区	县区		
辽		211021	辽阳县	县区		
辽		211081	灯塔市	县区		
辽	盘锦市	211100	盘锦市	地市级		
辽		211102	双台子区	县区		
辽		211103	兴隆台区	县区		
辽		211104	大洼区	县区		
辽		211122	盘山县	县区		
辽	铁岭市	211200	铁岭市	地市级		
辽		211202	银州区	县区		
辽		211204	清河区	县区		
辽		211221	铁岭县	县区		
辽		211223	西丰县	县区		
辽		211224	昌图县	县区		
辽		211281	调兵山市	县区		
辽		211282	开原市	县区		
辽	朝阳市	211300	朝阳市	地市级		
辽		211302	双塔区	县区		
辽		211303	龙城区	县区		
辽		211321	朝阳县	县区		
辽		211322	建平县	县区		
辽		211324	喀喇沁左翼蒙古族自治县	县区		
辽		211381	北票市	县区		
辽		211382	凌源市	县区		
辽	葫芦岛市	211400	葫芦岛市	地市级		
辽		211402	连山区	县区		
辽		211403	龙港区	县区		
辽		211404	南票区	县区		
辽		211421	绥中县	县区		
辽		211422	建昌县	县区		
辽		211481	兴城市	县区		
吉		220000	吉林省	省级		
吉	长春市	220100	长春市	副省级	√	
吉		220102	南关区	县区		
吉		220103	宽城区	县区		
吉		220104	朝阳区	县区		
吉		220105	二道区	县区		
吉		220106	绿园区	县区		
吉		220112	双阳区	县区		
吉		220113	九台区	县区		
吉		220122	农安县	县区		
吉		220182	榆树市	县区		
吉		220183	德惠市	县区		
吉		220184	公主岭市	县区		
吉	吉林市	220200	吉林市	地市级		
吉		220202	昌邑区	县区		
吉		220203	龙潭区	县区		
吉		220204	船营区	县区		
吉		220211	丰满区	县区		
吉		220221	永吉县	县区		
吉		220281	蛟河市	县区		
吉		220282	桦甸市	县区		
吉		220283	舒兰市	县区		
吉		220284	磐石市	县区		
吉	四平市	220300	四平市	地市级		
吉		220302	铁西区	县区		
吉		220303	铁东区	县区		
吉		220322	梨树县	县区		
吉		220323	伊通满族自治县	县区		
吉		220382	双辽市	县区		
吉	辽源市	220400	辽源市	地市级		
吉		220402	龙山区	县区		
吉		220403	西安区	县区		
吉		220421	东丰县	县区		
吉		220422	东辽县	县区		
吉	通化市	220500	通化市	地市级		
吉		220502	东昌区	县区		
吉		220503	二道江区	县区		
吉		220521	通化县	县区		
吉		220523	辉南县	县区		
吉		220524	柳河县	县区		
吉		220581	梅河口市	县区		
吉		220582	集安市	县区		
吉	白山市	220600	白山市	地市级		
吉		220602	浑江区	县区		
吉		220605	江源区	县区		
吉		220621	抚松县	县区		
吉		220622	靖宇县	县区		
吉		220623	长白朝鲜族自治县	县区		
吉		220681	临江市	县区		
吉	松原市	220700	松原市	地市级		
吉		220702	宁江区	县区		
吉		220721	前郭尔罗斯蒙古族自治县	县区		
吉		220722	长岭县	县区		
吉		220723	乾安县	县区		
吉		220781	扶余市	县区		
吉	白城市	220800	白城市	地市级		
吉		220802	洮北区	县区		
吉		220821	镇赉县	县区		
吉		220822	通榆县	县区		
吉		220881	洮南市	县区		
吉		220882	大安市	县区		
吉	延边朝鲜族自治州	222400	延边朝鲜族自治州	地市级		
吉		222401	延吉市	县区		
吉		222402	图们市	县区		
吉		222403	敦化市	县区		
吉		222404	珲春市	县区		
吉		222405	龙井市	县区		
吉		222406	和龙市	县区		
吉		222424	汪清县	县区		
吉		222426	安图县	县区		
黑		230000	黑龙江省	省级		
黑	哈尔滨市	230100	哈尔滨市	副省级	√	
黑		230102	道里区	县区		
黑		230103	南岗区	县区		
黑		230104	道外区	县区		
黑		230108	平房区	县区		
黑		230109	松北区	县区		
黑		230110	香坊区	县区		
黑		230111	呼兰区	县区		
黑		230112	阿城区	县区		
黑		230113	双城区	县区		
黑		230123	依兰县	县区		
黑		230124	方正县	县区		
黑		230125	宾县	县区		
黑		230126	巴彦县	县区		
黑		230127	木兰县	县区		
黑		230128	通河县	县区		
黑		230129	延寿县	县区		
黑		230183	尚志市	县区		
黑		230184	五常市	县区		
黑	齐齐哈尔市	230200	齐齐哈尔市	地市级		
黑		230202	龙沙区	县区		
黑		230203	建华区	县区		
黑		230204	铁锋区	县区		
黑		230205	昂昂溪区	县区		
黑		230206	富拉尔基区	县区		
黑		230207	碾子山区	县区		
黑		230208	梅里斯达斡尔族区	县区		
黑		230221	龙江县	县区		
黑		230223	依安县	县区		
黑		230224	泰来县	县区		
黑		230225	甘南县	县区		
黑		230227	富裕县	县区		
黑		230229	克山县	县区		
黑		230230	克东县	县区		
黑		230231	拜泉县	县区		
黑		230281	讷河市	县区		
黑	鸡西市	230300	鸡西市	地市级		
黑		230302	鸡冠区	县区		
黑		230303	恒山区	县区		
黑		230304	滴道区	县区		
黑		230305	梨树区	县区		
黑		230306	城子河区	县区		
黑		230307	麻山区	县区		
黑		230321	鸡东县	县区		
黑		230381	虎林市	县区		
黑		230382	密山市	县区		
黑	鹤岗市	230400	鹤岗市	地市级		
黑		230402	向阳区	县区		
黑		230403	工农区	县区		
黑		230404	南山区	县区		
黑		230405	兴安区	县区		
黑		230406	东山区	县区		
黑		230407	兴山区	县区		
黑		230421	萝北县	县区		
黑		230422	绥滨县	县区		
黑	双鸭山市	230500	双鸭山市	地市级		
黑		230502	尖山区	县区		
黑		230503	岭东区	县区		
黑		230505	四方台区	县区		
黑		230506	宝山区	县区		
黑		230521	集贤县	县区		
黑		230522	友谊县	县区		
黑		230523	宝清县	县区		
黑		230524	饶河县	县区		
黑	大庆市	230600	大庆市	地市级		
黑		230602	萨尔图区	县区		
黑		230603	龙凤区	县区		
黑		230604	让胡路区	县区		
黑		230605	红岗区	县区		
黑		230606	大同区	县区		
黑		230621	肇州县	县区		
黑		230622	肇源县	县区		
黑		230623	林甸县	县区		
黑		230624	杜尔伯特蒙古族自治县	县区		
黑	伊春市	230700	伊春市	地市级		
黑		230717	伊美区	县区		
黑		230718	乌翠区	县区		
黑		230719	友好区	县区		
黑		230722	嘉荫县	县区		
黑		230723	汤旺县	县区		
黑		230724	丰林县	县区		
黑		230725	大箐山县	县区		
黑		230726	南岔县	县区		
黑		230751	金林区	县区		
黑		230781	铁力市	县区		
黑	佳木斯市	230800	佳木斯市	地市级		
黑		230803	向阳区	县区		
黑		230804	前进区	县区		
黑		230805	东风区	县区		
黑		230811	郊区	县区		
黑		230822	桦南县	县区		
黑		230826	桦川县	县区		
黑		230828	汤原县	县区		
黑		230881	同江市	县区		
黑		230882	富锦市	县区		
黑		230883	抚远市	县区		
黑	七台河市	230900	七台河市	地市级		
黑		230902	新兴区	县区		
黑		230903	桃山区	县区		
黑		230904	茄子河区	县区		
黑		230921	勃利县	县区		
黑	牡丹江市	231000	牡丹江市	地市级		
黑		231002	东安区	县区		
黑		231003	阳明区	县区		
黑		231004	爱民区	县区		
黑		231005	西安区	县区		
黑		231025	林口县	县区		
黑		231081	绥芬河市	县区		
黑		231083	海林市	县区		
黑		231084	宁安市	县区		
黑		231085	穆棱市	县区		
黑		231086	东宁市	县区		
黑	黑河市	231100	黑河市	地市级		
黑		231102	爱辉区	县区		
黑		231123	逊克县	县区		
黑		231124	孙吴县	县区		
黑		231181	北安市	县区		
黑		231182	五大连池市	县区		
黑		231183	嫩江市	县区		
黑	绥化市	231200	绥化市	地市级		
黑		231202	北林区	县区		
黑		231221	望奎县	县区		
黑		231222	兰西县	县区		
黑		231223	青冈县	县区		
黑		231224	庆安县	县区		
黑		231225	明水县	县区		
黑		231226	绥棱县	县区		
黑		231281	安达市	县区		
黑		231282	肇东市	县区		
黑		231283	海伦市	县区		
黑	大兴安岭地区	232700	大兴安岭地区	地市级		
黑		232701	漠河市	县区		
黑		232721	呼玛县	县区		
黑		232722	塔河县	县区		
沪		310000	上海市	省级		
沪		310101	黄浦区	县区	√	
沪		310104	徐汇区	县区		
沪		310105	长宁区	县区		
沪		310106	静安区	县区		
沪		310107	普陀区	县区		
沪		310109	虹口区	县区		
沪		310110	杨浦区	县区		
沪		310112	闵行区	县区		
沪		310113	宝山区	县区		
沪		310114	嘉定区	县区		
沪		310115	浦东新区	县区		
沪		310116	金山区	县区		
沪		310117	松江区	县区		
沪		310118	青浦区	县区		
沪		310120	奉贤区	县区		
沪		310151	崇明区	县区		
苏		320000	江苏省	省级		
苏	南京市	320100	南京市	副省级	√	
苏		320102	玄武区	县区		
苏		320104	秦淮区	县区		
苏		320105	建邺区	县区		
苏		320106	鼓楼区	县区		
苏		320111	浦口区	县区		
苏		320113	栖霞区	县区		
苏		320114	雨花台区	县区		
苏		320115	江宁区	县区		
苏		320116	六合区	县区		
苏		320117	溧水区	县区		
苏		320118	高淳区	县区		
苏	无锡市	320200	无锡市	地市级		
苏		320205	锡山区	县区		
苏		320206	惠山区	县区		
苏		320211	滨湖区	县区		
苏		320213	梁溪区	县区		
苏		320214	新吴区	县区		
苏		320281	江阴市	县区		
苏		320282	宜兴市	县区		
苏	徐州市	320300	徐州市	地市级		
苏		320302	鼓楼区	县区		
苏		320303	云龙区	县区		
苏		320305	贾汪区	县区		
苏		320311	泉山区	县区		
苏		320312	铜山区	县区		
苏		320321	丰县	县区		
苏		320322	沛县	县区		
苏		320324	睢宁县	县区		
苏		320381	新沂市	县区		
苏		320382	邳州市	县区		
苏	常州市	320400	常州市	地市级		
苏		320402	天宁区	县区		
苏		320404	钟楼区	县区		
苏		320411	新北区	县区		
苏		320412	武进区	县区		
苏		320413	金坛区	县区		
苏		320481	溧阳市	县区		
苏	苏州市	320500	苏州市	地市级		
苏		320505	虎丘区	县区		
苏		320506	吴中区	县区		
苏		320507	相城区	县区		
苏		320508	姑苏区	县区		
苏		320509	吴江区	县区		
苏		320581	常熟市	县区		
苏		320582	张家港市	县区		
苏		320583	昆山市	县区		
苏		320585	太仓市	县区		
苏	南通市	320600	南通市	地市级		
苏		320612	通州区	县区	√	
苏		320613	崇川区	县区		
苏		320614	海门区	县区		
苏		320623	如东县	县区		
苏		320681	启东市	县区		
苏		320682	如皋市	县区		
苏		320685	海安市	县区		
苏	连云港市	320700	连云港市	地市级		
苏		320703	连云区	县区		
苏		320706	海州区	县区		
苏		320707	赣榆区	县区		
苏		320722	东海县	县区		
苏		320723	灌云县	县区		
苏		320724	灌南县	县区		
苏	淮安市	320800	淮安市	地市级		
苏		320803	淮安区	县区		
苏		320804	淮阴区	县区		
苏		320812	清江浦区	县区		
苏		320813	洪泽区	县区		
苏		320826	涟水县	县区		
苏		320830	盱眙县	县区		
苏		320831	金湖县	县区		
苏	盐城市	320900	盐城市	地市级		
苏		320902	亭湖区	县区		
苏		320903	盐都区	县区		
苏		320904	大丰区	县区		
苏		320921	响水县	县区		
苏		320922	滨海县	县区		
苏		320923	阜宁县	县区		
苏		320924	射阳县	县区		
苏		320925	建湖县	县区		
苏		320981	东台市	县区		
苏	扬州市	321000	扬州市	地市级		
苏		321002	广陵区	县区		
苏		321003	邗江区	县区		
苏		321012	江都区	县区		
苏		321023	宝应县	县区		
苏		321081	仪征市	县区		
苏		321084	高邮市	县区		
苏	镇江市	321100	镇江市	地市级		
苏		321102	京口区	县区		
苏		321111	润州区	县区		
苏		321112	丹徒区	县区		
苏		321181	丹阳市	县区		
苏		321182	扬中市	县区		
苏		321183	句容市	县区		
苏	泰州市	321200	泰州市	地市级		
苏		321202	海陵区	县区		
苏		321203	高港区	县区		
苏		321204	姜堰区	县区		
苏		321281	兴化市	县区		
苏		321282	靖江市	县区		
苏		321283	泰兴市	县区		
苏	宿迁市	321300	宿迁市	地市级		
苏		321302	宿城区	县区		
苏		321311	宿豫区	县区		
苏		321322	沭阳县	县区		
苏		321323	泗阳县	县区		
苏		321324	泗洪县	县区		
浙		330000	浙江省	省级		
浙	杭州市	330100	杭州市	副省级	√	
浙		330102	上城区	县区		
浙		330103	下城区	县区		
浙		330104	江干区	县区		
浙		330105	拱墅区	县区		
浙		330106	西湖区	县区		
浙		330108	滨江区	县区		
浙		330109	萧山区	县区		
浙		330110	余杭区	县区		
浙		330111	富阳区	县区		
浙		330112	临安区	县区		
浙		330122	桐庐县	县区		
浙		330127	淳安县	县区		
浙		330182	建德市	县区		
浙	宁波市	330200	宁波市	副省级		
浙		330203	海曙区	县区		
浙		330205	江北区	县区		
浙		330206	北仑区	县区		
浙		330211	镇海区	县区		
浙		330212	鄞州区	县区		
浙		330213	奉化区	县区		
浙		330225	象山县	县区		
浙		330226	宁海县	县区		
浙		330281	余姚市	县区		
浙		330282	慈溪市	县区		
浙	温州市	330300	温州市	地市级		
浙		330302	鹿城区	县区		
浙		330303	龙湾区	县区		
浙		330304	瓯海区	县区		
浙		330305	洞头区	县区		
浙		330324	永嘉县	县区		
浙		330326	平阳县	县区		
浙		330327	苍南县	县区		
浙		330328	文成县	县区		
浙		330329	泰顺县	县区		
浙		330381	瑞安市	县区		
浙		330382	乐清市	县区		
浙		330383	龙港市	县区		
浙	嘉兴市	330400	嘉兴市	地市级		
浙		330402	南湖区	县区		
浙		330411	秀洲区	县区		
浙		330421	嘉善县	县区		
浙		330424	海盐县	县区		
浙		330481	海宁市	县区		
浙		330482	平湖市	县区		
浙		330483	桐乡市	县区		
浙	湖州市	330500	湖州市	地市级		
浙		330502	吴兴区	县区		
浙		330503	南浔区	县区		
浙		330521	德清县	县区		
浙		330522	长兴县	县区		
浙		330523	安吉县	县区		绿水青山就是金山银山
浙	绍兴市	330600	绍兴市	地市级		
浙		330602	越城区	县区		
浙		330603	柯桥区	县区		
浙		330604	上虞区	县区		
浙		330624	新昌县	县区		
浙		330681	诸暨市	县区		
浙		330683	嵊州市	县区		
浙	金华市	330700	金华市	地市级		
浙		330702	婺城区	县区		
浙		330703	金东区	县区		
浙		330723	武义县	县区		
浙		330726	浦江县	县区		
浙		330727	磐安县	县区		
浙		330781	兰溪市	县区		
浙		330782	义乌市	县区		
浙		330783	东阳市	县区		
浙		330784	永康市	县区		
浙	衢州市	330800	衢州市	地市级		
浙		330802	柯城区	县区		
浙		330803	衢江区	县区		
浙		330822	常山县	县区		
浙		330824	开化县	县区		
浙		330825	龙游县	县区		
浙		330881	江山市	县区		
浙	舟山市	330900	舟山市	地市级		
浙		330902	定海区	县区		
浙		330903	普陀区	县区		
浙		330921	岱山县	县区		
浙		330922	嵊泗县	县区		
浙	台州市	331000	台州市	地市级		
浙		331002	椒江区	县区		
浙		331003	黄岩区	县区		
浙		331004	路桥区	县区		
浙		331022	三门县	县区		
浙		331023	天台县	县区		
浙		331024	仙居县	县区		
浙		331081	温岭市	县区		
浙		331082	临海市	县区		
浙		331083	玉环市	县区		
浙	丽水市	331100	丽水市	地市级		
浙		331102	莲都区	县区		
浙		331121	青田县	县区		
浙		331122	缙云县	县区		
浙		331123	遂昌县	县区		
浙		331124	松阳县	县区		
浙		331125	云和县	县区		
浙		331126	庆元县	县区		
浙		331127	景宁畲族自治县	县区		
浙		331181	龙泉市	县区		
皖		340000	安徽省	省级		
皖	合肥市	340100	合肥市	地市级	√	
皖		340102	瑶海区	县区		
皖		340103	庐阳区	县区		
皖		340104	蜀山区	县区		
皖		340111	包河区	县区		
皖		340121	长丰县	县区		
皖		340122	肥东县	县区		
皖		340123	肥西县	县区		
皖		340124	庐江县	县区		
皖		340181	巢湖市	县区		
皖	芜湖市	340200	芜湖市	地市级		
皖		340202	镜湖区	县区		
皖		340207	鸠江区	县区		
皖		340209	弋江区	县区		
皖		340210	湾沚区	县区		
皖		340212	繁昌区	县区		
皖		340223	南陵县	县区		
皖		340281	无为市	县区		
皖	蚌埠市	340300	蚌埠市	地市级		
皖		340302	龙子湖区	县区		
皖		340303	蚌山区	县区		
皖		340304	禹会区	县区		
皖		340311	淮上区	县区		
皖		340321	怀远县	县区		
皖		340322	五河县	县区		
皖		340323	固镇县	县区		
皖	淮南市	340400	淮南市	地市级		
皖		340402	大通区	县区		
皖		340403	田家庵区	县区		
皖		340404	谢家集区	县区		
皖		340405	八公山区	县区		
皖		340406	潘集区	县区		
皖		340421	凤台县	县区		
皖		340422	寿县	县区		
皖	马鞍山市	340500	马鞍山市	地市级		
皖		340503	花山区	县区		
皖		340504	雨山区	县区		
皖		340506	博望区	县区		
皖		340521	当涂县	县区		
皖		340522	含山县	县区		
皖		340523	和县	县区		
皖	淮北市	340600	淮北市	地市级		
皖		340602	杜集区	县区		
皖		340603	相山区	县区		
皖		340604	烈山区	县区		
皖		340621	濉溪县	县区		
皖	铜陵市	340700	铜陵市	地市级		
皖		340705	铜官区	县区		
皖		340706	义安区	县区		
皖		340711	郊区	县区		
皖		340722	枞阳县	县区		
皖	安庆市	340800	安庆市	地市级		
皖		340802	迎江区	县区		
皖		340803	大观区	县区		
皖		340811	宜秀区	县区		
皖		340822	怀宁县	县区		
皖		340825	太湖县	县区		
皖		340826	宿松县	县区		
皖		340827	望江县	县区		
皖		340828	岳西县	县区		
皖		340881	桐城市	县区		
皖		340882	潜山市	县区		
皖	黄山市	341000	黄山市	地市级		
皖		341002	屯溪区	县区		
皖		341003	黄山区	县区		
皖		341004	徽州区	县区		
皖		341021	歙县	县区		
皖		341022	休宁县	县区		
皖		341023	黟县	县区		
皖		341024	祁门县	县区		
皖	滁州市	341100	滁州市	地市级		
皖		341102	琅琊区	县区		
皖		341103	南谯区	县区		
皖		341122	来安县	县区		
皖		341124	全椒县	县区		
皖		341125	定远县	县区		
皖		341126	凤阳县	县区		
皖		341181	天长市	县区		
皖		341182	明光市	县区		
皖	阜阳市	341200	阜阳市	地市级		
皖		341202	颍州区	县区		
皖		341203	颍东区	县区		
皖		341204	颍泉区	县区		
皖		341221	临泉县	县区		
皖		341222	太和县	县区		
皖		341225	阜南县	县区		
皖		341226	颍上县	县区		
皖		341282	界首市	县区		
皖	宿州市	341300	宿州市	地市级		
皖		341302	埇桥区	县区		
皖		341321	砀山县	县区		
皖		341322	萧县	县区		
皖		341323	灵璧县	县区		
皖		341324	泗县	县区		
皖	六安市	341500	六安市	地市级		
皖		341502	金安区	县区		
皖		341503	裕安区	县区		
皖		341504	叶集区	县区		
皖		341522	霍邱县	县区		
皖		341523	舒城县	县区		
皖		341524	金寨县	县区		
皖		341525	霍山县	县区		大别山
皖	亳州市	341600	亳州市	地市级		
皖		341602	谯城区	县区		
皖		341621	涡阳县	县区		
皖		341622	蒙城县	县区		
皖		341623	利辛县	县区		
皖	池州市	341700	池州市	地市级		
皖		341702	贵池区	县区		
皖		341721	东至县	县区		
皖		341722	石台县	县区		
皖		341723	青阳县	县区		
皖	宣城市	341800	宣城市	地市级		
皖		341802	宣州区	县区		
皖		341821	郎溪县	县区		
皖		341823	泾县	县区		
皖		341824	绩溪县	县区		
皖		341825	旌德县	县区		
皖		341881	宁国市	县区		
皖		341882	广德市	县区		
闽		350000	福建省	省级		
闽	福州市	350100	福州市	地市级	√	
闽		350102	鼓楼区	县区		
闽		350103	台江区	县区		
闽		350104	仓山区	县区		
闽		350105	马尾区	县区		
闽		350111	晋安区	县区		
闽		350112	长乐区	县区		
闽		350121	闽侯县	县区		
闽		350122	连江县	县区		
闽		350123	罗源县	县区		
闽		350124	闽清县	县区		
闽		350125	永泰县	县区		
闽		350128	平潭县	县区		
闽		350181	福清市	县区		
闽	厦门市	350200	厦门市	副省级		
闽		350203	思明区	县区		
闽		350205	海沧区	县区		
闽		350206	湖里区	县区		
闽		350211	集美区	县区		
闽		350212	同安区	县区		
闽		350213	翔安区	县区		
闽	莆田市	350300	莆田市	地市级		
闽		350302	城厢区	县区		
闽		350303	涵江区	县区		
闽		350304	荔城区	县区		
闽		350305	秀屿区	县区		
闽		350322	仙游县	县区		
闽	三明市	350400	三明市	地市级		
闽		350402	梅列区	县区		
闽		350403	三元区	县区		
闽		350421	明溪县	县区		
闽		350423	清流县	县区		
闽		350424	宁化县	县区		
闽		350425	大田县	县区		
闽		350426	尤溪县	县区		
闽		350427	沙县	县区		
闽		350428	将乐县	县区		
闽		350429	泰宁县	县区		
闽		350430	建宁县	县区		
闽		350481	永安市	县区		
闽	泉州市	350500	泉州市	地市级		
闽		350502	鲤城区	县区		
闽		350503	丰泽区	县区		
闽		350504	洛江区	县区		
闽		350505	泉港区	县区		
闽		350521	惠安县	县区		
闽		350524	安溪县	县区		
闽		350525	永春县	县区		
闽		350526	德化县	县区		
闽		350527	金门县	县区		
闽		350581	石狮市	县区		
闽		350582	晋江市	县区		
闽		350583	南安市	县区		
闽	漳州市	350600	漳州市	地市级		
闽		350602	芗城区	县区		
闽		350603	龙文区	县区		
闽		350622	云霄县	县区		
闽		350623	漳浦县	县区		
闽		350624	诏安县	县区		
闽		350625	长泰县	县区		
闽		350626	东山县	县区		
闽		350627	南靖县	县区		
闽		350628	平和县	县区		
闽		350629	华安县	县区		
闽		350681	龙海市	县区		
闽	南平市	350700	南平市	地市级		
闽		350702	延平区	县区		
闽		350703	建阳区	县区		
闽		350721	顺昌县	县区		
闽		350722	浦城县	县区		
闽		350723	光泽县	县区		
闽		350724	松溪县	县区		
闽		350725	政和县	县区		
闽		350781	邵武市	县区		
闽		350782	武夷山市	县区		
闽		350783	建瓯市	县区		
闽	龙岩市	350800	龙岩市	地市级		
闽		350802	新罗区	县区		
闽		350803	永定区	县区		
闽		350821	长汀县	县区		
闽		350823	上杭县	县区		
闽		350824	武平县	县区		
闽		350825	连城县	县区		
闽		350881	漳平市	县区		
闽	宁德市	350900	宁德市	地市级		
闽		350902	蕉城区	县区		
闽		350921	霞浦县	县区		
闽		350922	古田县	县区		
闽		350923	屏南县	县区		
闽		350924	寿宁县	县区		
闽		350925	周宁县	县区		
闽		350926	柘荣县	县区		
闽		350981	福安市	县区		
闽		350982	福鼎市	县区		
赣		360000	江西省	省级		
赣	南昌市	360100	南昌市	地市级	√	
赣		360102	东湖区	县区		
赣		360103	西湖区	县区		
赣		360104	青云谱区	县区		
赣		360111	青山湖区	县区		
赣		360112	新建区	县区		
赣		360113	红谷滩区	县区		
赣		360121	南昌县	县区		
赣		360123	安义县	县区		
赣		360124	进贤县	县区		
赣	景德镇市	360200	景德镇市	地市级		
赣		360202	昌江区	县区		
赣		360203	珠山区	县区		
赣		360222	浮梁县	县区		
赣		360281	乐平市	县区		
赣	萍乡市	360300	萍乡市	地市级		
赣		360302	安源区	县区		
赣		360313	湘东区	县区		
赣		360321	莲花县	县区		
赣		360322	上栗县	县区		
赣		360323	芦溪县	县区		
赣	九江市	360400	九江市	地市级		
赣		360402	濂溪区	县区		
赣		360403	浔阳区	县区		
赣		360404	柴桑区	县区		
赣		360423	武宁县	县区		
赣		360424	修水县	县区		
赣		360425	永修县	县区		
赣		360426	德安县	县区		
赣		360428	都昌县	县区		
赣		360429	湖口县	县区		
赣		360430	彭泽县	县区		
赣		360481	瑞昌市	县区		
赣		360482	共青城市	县区		
赣		360483	庐山市	县区		
赣	新余市	360500	新余市	地市级		
赣		360502	渝水区	县区		
赣		360521	分宜县	县区		
赣	鹰潭市	360600	鹰潭市	地市级		
赣		360602	月湖区	县区		
赣		360603	余江区	县区		
赣		360681	贵溪市	县区		
赣	赣州市	360700	赣州市	地市级		
赣		360702	章贡区	县区		
赣		360703	南康区	县区		
赣		360704	赣县区	县区		
赣		360722	信丰县	县区		
赣		360723	大余县	县区		
赣		360724	上犹县	县区		
赣		360725	崇义县	县区		
赣		360726	安远县	县区		
赣		360728	定南县	县区		
赣		360729	全南县	县区		
赣		360730	宁都县	县区		
赣		360731	于都县	县区		
赣		360732	兴国县	县区		
赣		360733	会昌县	县区		
赣		360734	寻乌县	县区		
赣		360735	石城县	县区		
赣		360781	瑞金市	县区		
赣		360783	龙南市	县区		
赣	吉安市	360800	吉安市	地市级		
赣		360802	吉州区	县区		
赣		360803	青原区	县区		
赣		360821	吉安县	县区		
赣		360822	吉水县	县区		
赣		360823	峡江县	县区		
赣		360824	新干县	县区		
赣		360825	永丰县	县区		
赣		360826	泰和县	县区		
赣		360827	遂川县	县区		
赣		360828	万安县	县区		
赣		360829	安福县	县区		
赣		360830	永新县	县区		
赣		360881	井冈山市	县区		
赣	宜春市	360900	宜春市	地市级		
赣		360902	袁州区	县区		
赣		360921	奉新县	县区		
赣		360922	万载县	县区		
赣		360923	上高县	县区		
赣		360924	宜丰县	县区		
赣		360925	靖安县	县区		
赣		360926	铜鼓县	县区		
赣		360981	丰城市	县区		
赣		360982	樟树市	县区		
赣		360983	高安市	县区		
赣	抚州市	361000	抚州市	地市级		
赣		361002	临川区	县区		
赣		361003	东乡区	县区		
赣		361021	南城县	县区		
赣		361022	黎川县	县区		
赣		361023	南丰县	县区		
赣		361024	崇仁县	县区		
赣		361025	乐安县	县区		
赣		361026	宜黄县	县区		
赣		361027	金溪县	县区		
赣		361028	资溪县	县区		
赣		361030	广昌县	县区		
赣	上饶市	361100	上饶市	地市级		
赣		361102	信州区	县区		
赣		361103	广丰区	县区		
赣		361104	广信区	县区		
赣		361123	玉山县	县区		
赣		361124	铅山县	县区		
赣		361125	横峰县	县区		
赣		361126	弋阳县	县区		
赣		361127	余干县	县区		
赣		361128	鄱阳县	县区		
赣		361129	万年县	县区		
赣		361130	婺源县	县区		
赣		361181	德兴市	县区		
鲁		370000	山东省	省级		
鲁	济南市	370100	济南市	副省级	√	
鲁		370102	历下区	县区		
鲁		370103	市中区	县区		
鲁		370104	槐荫区	县区		
鲁		370105	天桥区	县区		
鲁		370112	历城区	县区		
鲁		370113	长清区	县区		
鲁		370114	章丘区	县区		
鲁		370115	济阳区	县区		
鲁		370116	莱芜区	县区		
鲁		370117	钢城区	县区		
鲁		370124	平阴县	县区		
鲁		370126	商河县	县区		
鲁	青岛市	370200	青岛市	副省级		
鲁		370202	市南区	县区		
鲁		370203	市北区	县区		
鲁		370211	黄岛区	县区		
鲁		370212	崂山区	县区		
鲁		370213	李沧区	县区		
鲁		370214	城阳区	县区		
鲁		370215	即墨区	县区		
鲁		370281	胶州市	县区		
鲁		370283	平度市	县区		
鲁		370285	莱西市	县区		
鲁	淄博市	370300	淄博市	地市级		
鲁		370302	淄川区	县区		
鲁		370303	张店区	县区		
鲁		370304	博山区	县区		
鲁		370305	临淄区	县区		
鲁		370306	周村区	县区		
鲁		370321	桓台县	县区		
鲁		370322	高青县	县区		
鲁		370323	沂源县	县区		
鲁	枣庄市	370400	枣庄市	地市级		
鲁		370402	市中区	县区		
鲁		370403	薛城区	县区		
鲁		370404	峄城区	县区		
鲁		370405	台儿庄区	县区		
鲁		370406	山亭区	县区		
鲁		370481	滕州市	县区		
鲁	东营市	370500	东营市	地市级		
鲁		370502	东营区	县区		
鲁		370503	河口区	县区		
鲁		370505	垦利区	县区		
鲁		370522	利津县	县区		
鲁		370523	广饶县	县区		
鲁	烟台市	370600	烟台市	地市级		
鲁		370602	芝罘区	县区		
鲁		370611	福山区	县区		
鲁		370612	牟平区	县区		
鲁		370613	莱山区	县区		
鲁		370614	蓬莱区	县区		
鲁		370681	龙口市	县区		
鲁		370682	莱阳市	县区		
鲁		370683	莱州市	县区		
鲁		370685	招远市	县区		
鲁		370686	栖霞市	县区		
鲁		370687	海阳市	县区		
鲁	潍坊市	370700	潍坊市	地市级		
鲁		370702	潍城区	县区		
鲁		370703	寒亭区	县区		
鲁		370704	坊子区	县区		
鲁		370705	奎文区	县区		
鲁		370724	临朐县	县区		
鲁		370725	昌乐县	县区		
鲁		370781	青州市	县区		
鲁		370782	诸城市	县区		
鲁		370783	寿光市	县区		
鲁		370784	安丘市	县区		
鲁		370785	高密市	县区		
鲁		370786	昌邑市	县区		
鲁	济宁市	370800	济宁市	地市级		
鲁		370811	任城区	县区		
鲁		370812	兖州区	县区		
鲁		370826	微山县	县区		
鲁		370827	鱼台县	县区		
鲁		370828	金乡县	县区		
鲁		370829	嘉祥县	县区		
鲁		370830	汶上县	县区		
鲁		370831	泗水县	县区		
鲁		370832	梁山县	县区		
鲁		370881	曲阜市	县区		
鲁		370883	邹城市	县区		
鲁	泰安市	370900	泰安市	地市级		
鲁		370902	泰山区	县区		
鲁		370911	岱岳区	县区		
鲁		370921	宁阳县	县区		
鲁		370923	东平县	县区		
鲁		370982	新泰市	县区		
鲁		370983	肥城市	县区		
鲁	威海市	371000	威海市	地市级		
鲁		371002	环翠区	县区		
鲁		371003	文登区	县区		
鲁		371082	荣成市	县区		
鲁		371083	乳山市	县区		
鲁	日照市	371100	日照市	地市级		
鲁		371102	东港区	县区		
鲁		371103	岚山区	县区		
鲁		371121	五莲县	县区		
鲁		371122	莒县	县区		
鲁	临沂市	371300	临沂市	地市级		
鲁		371302	兰山区	县区		
鲁		371311	罗庄区	县区		
鲁		371312	河东区	县区		
鲁		371321	沂南县	县区		
鲁		371322	郯城县	县区		
鲁		371323	沂水县	县区		
鲁		371324	兰陵县	县区		
鲁		371325	费县	县区		
鲁		371326	平邑县	县区		
鲁		371327	莒南县	县区		
鲁		371328	蒙阴县	县区		
鲁		371329	临沭县	县区		
鲁	德州市	371400	德州市	地市级		
鲁		371402	德城区	县区		
鲁		371403	陵城区	县区		
鲁		371422	宁津县	县区		
鲁		371423	庆云县	县区		
鲁		371424	临邑县	县区		
鲁		371425	齐河县	县区		
鲁		371426	平原县	县区		
鲁		371427	夏津县	县区		
鲁		371428	武城县	县区		
鲁		371481	乐陵市	县区		
鲁		371482	禹城市	县区		
鲁	聊城市	371500	聊城市	地市级		
鲁		371502	东昌府区	县区		
鲁		371503	茌平区	县区		
鲁		371521	阳谷县	县区		
鲁		371522	莘县	县区		
鲁		371524	东阿县	县区		
鲁		371525	冠县	县区		
鲁		371526	高唐县	县区		
鲁		371581	临清市	县区		
鲁	滨州市	371600	滨州市	地市级		
鲁		371602	滨城区	县区		
鲁		371603	沾化区	县区		
鲁		371621	惠民县	县区		
鲁		371622	阳信县	县区		
鲁		371623	无棣县	县区		
鲁		371625	博兴县	县区		
鲁		371681	邹平市	县区		
鲁	菏泽市	371700	菏泽市	地市级		
鲁		371702	牡丹区	县区		
鲁		371703	定陶区	县区		
鲁		371721	曹县	县区		
鲁		371722	单县	县区		
鲁		371723	成武县	县区		
鲁		371724	巨野县	县区		
鲁		371725	郓城县	县区		
鲁		371726	鄄城县	县区		
鲁		371728	东明县	县区		
豫		410000	河南省	省级		
豫	郑州市	410100	郑州市	地市级	√	
豫		410102	中原区	县区		
豫		410103	二七区	县区		
豫		410104	管城回族区	县区		
豫		410105	金水区	县区		
豫		410106	上街区	县区		
豫		410108	惠济区	县区		
豫		410122	中牟县	县区		
豫		410181	巩义市	县区		
豫		410182	荥阳市	县区		
豫		410183	新密市	县区		
豫		410184	新郑市	县区		
豫		410185	登封市	县区		
豫	开封市	410200	开封市	地市级		
豫		410202	龙亭区	县区		
豫		410203	顺河回族区	县区		
豫		410204	鼓楼区	县区		
豫		410205	禹王台区	县区		
豫		410212	祥符区	县区		
豫		410221	杞县	县区		
豫		410222	通许县	县区		
豫		410223	尉氏县	县区		
豫		410225	兰考县	县区		
豫	洛阳市	410300	洛阳市	地市级		
豫		410302	老城区	县区		
豫		410303	西工区	县区		
豫		410304	瀍河回族区	县区		
豫		410305	涧西区	县区		
豫		410306	吉利区	县区		
豫		410311	洛龙区	县区		
豫		410322	孟津县	县区		
豫		410323	新安县	县区		
豫		410324	栾川县	县区		
豫		410325	嵩县	县区		
豫		410326	汝阳县	县区		
豫		410327	宜阳县	县区		
豫		410328	洛宁县	县区		
豫		410329	伊川县	县区		
豫		410381	偃师市	县区		
豫	平顶山市	410400	平顶山市	地市级		
豫		410402	新华区	县区		
豫		410403	卫东区	县区		
豫		410404	石龙区	县区		
豫		410411	湛河区	县区		
豫		410421	宝丰县	县区		
豫		410422	叶县	县区		
豫		410423	鲁山县	县区		
豫		410425	郏县	县区		
豫		410481	舞钢市	县区		
豫		410482	汝州市	县区		
豫	安阳市	410500	安阳市	地市级		
豫		410502	文峰区	县区		
豫		410503	北关区	县区		
豫		410505	殷都区	县区		
豫		410506	龙安区	县区		
豫		410522	安阳县	县区		
豫		410523	汤阴县	县区		
豫		410526	滑县	县区		
豫		410527	内黄县	县区		
豫		410581	林州市	县区		
豫	鹤壁市	410600	鹤壁市	地市级		
豫		410602	鹤山区	县区		
豫		410603	山城区	县区		
豫		410611	淇滨区	县区		
豫		410621	浚县	县区		
豫		410622	淇县	县区		
豫	新乡市	410700	新乡市	地市级		
豫		410702	红旗区	县区		
豫		410703	卫滨区	县区		
豫		410704	凤泉区	县区		
豫		410711	牧野区	县区		
豫		410721	新乡县	县区		
豫		410724	获嘉县	县区		
豫		410725	原阳县	县区		
豫		410726	延津县	县区		
豫		410727	封丘县	县区		
豫		410781	卫辉市	县区		
豫		410782	辉县市	县区		
豫		410783	长垣市	县区		
豫	焦作市	410800	焦作市	地市级		
豫		410802	解放区	县区		
豫		410803	中站区	县区		
豫		410804	马村区	县区		
豫		410811	山阳区	县区		
豫		410821	修武县	县区		
豫		410822	博爱县	县区		
豫		410823	武陟县	县区		
豫		410825	温县	县区		
豫		410882	沁阳市	县区		
豫		410883	孟州市	县区		
豫	濮阳市	410900	濮阳市	地市级		
豫		410902	华龙区	县区		
豫		410922	清丰县	县区		
豫		410923	南乐县	县区		
豫		410926	范县	县区		
豫		410927	台前县	县区		
豫		410928	濮阳县	县区		
豫	许昌市	411000	许昌市	地市级		
豫		411002	魏都区	县区		
豫		411003	建安区	县区		
豫		411024	鄢陵县	县区		
豫		411025	襄城县	县区		
豫		411081	禹州市	县区		
豫		411082	长葛市	县区		
豫	漯河市	411100	漯河市	地市级		
豫		411102	源汇区	县区		
豫		411103	郾城区	县区		
豫		411104	召陵区	县区		
豫		411121	舞阳县	县区		
豫		411122	临颍县	县区		
豫	三门峡市	411200	三门峡市	地市级		
豫		411202	湖滨区	县区		
豫		411203	陕州区	县区		
豫		411221	渑池县	县区		
豫		411224	卢氏县	县区		
豫		411281	义马市	县区		
豫		411282	灵宝市	县区		
豫	南阳市	411300	南阳市	地市级		
豫		411302	宛城区	县区		
豫		411303	卧龙区	县区		
豫		411321	南召县	县区		
豫		411322	方城县	县区		
豫		411323	西峡县	县区		
豫		411324	镇平县	县区		
豫		411325	内乡县	县区		
豫		411326	淅川县	县区		
豫		411327	社旗县	县区		
豫		411328	唐河县	县区		
豫		411329	新野县	县区		
豫		411330	桐柏县	县区		
豫		411381	邓州市	县区		
豫	商丘市	411400	商丘市	地市级		
豫		411402	梁园区	县区		
豫		411403	睢阳区	县区		
豫		411421	民权县	县区		
豫		411422	睢县	县区		
豫		411423	宁陵县	县区		
豫		411424	柘城县	县区		
豫		411425	虞城县	县区		
豫		411426	夏邑县	县区		
豫		411481	永城市	县区		
豫	信阳市	411500	信阳市	地市级		
豫		411502	浉河区	县区		
豫		411503	平桥区	县区		
豫		411521	罗山县	县区		
豫		411522	光山县	县区		
豫		411523	新县	县区		
豫		411524	商城县	县区		
豫		411525	固始县	县区		
豫		411526	潢川县	县区		
豫		411527	淮滨县	县区		
豫		411528	息县	县区		
豫	周口市	411600	周口市	地市级		
豫		411602	川汇区	县区		
豫		411603	淮阳区	县区		
豫		411621	扶沟县	县区		
豫		411622	西华县	县区		
豫		411623	商水县	县区		
豫		411624	沈丘县	县区		
豫		411625	郸城县	县区		
豫		411627	太康县	县区		
豫		411628	鹿邑县	县区		
豫		411681	项城市	县区		
豫	驻马店市	411700	驻马店市	地市级		
豫		411702	驿城区	县区		
豫		411721	西平县	县区		
豫		411722	上蔡县	县区		
豫		411723	平舆县	县区		
豫		411724	正阳县	县区		
豫		411725	确山县	县区		
豫		411726	泌阳县	县区		
豫		411727	汝南县	县区		
豫		411728	遂平县	县区		
豫		411729	新蔡县	县区		
豫		419001	济源市	县区		
鄂		420000	湖北省	省级		
鄂	武汉市	420100	武汉市	副省级	√	
鄂		420102	江岸区	县区		
鄂		420103	江汉区	县区		
鄂		420104	硚口区	县区		
鄂		420105	汉阳区	县区		
鄂		420106	武昌区	县区		
鄂		420107	青山区	县区		
鄂		420111	洪山区	县区		
鄂		420112	东西湖区	县区		
鄂		420113	汉南区	县区		
鄂		420114	蔡甸区	县区		
鄂		420115	江夏区	县区		
鄂		420116	黄陂区	县区		
鄂		420117	新洲区	县区		
鄂	黄石市	420200	黄石市	地市级		
鄂		420202	黄石港区	县区		
鄂		420203	西塞山区	县区		
鄂		420204	下陆区	县区		
鄂		420205	铁山区	县区		
鄂		420222	阳新县	县区		
鄂		420281	大冶市	县区		
鄂	十堰市	420300	十堰市	地市级		
鄂		420302	茅箭区	县区		
鄂		420303	张湾区	县区		
鄂		420304	郧阳区	县区		
鄂		420322	郧西县	县区		
鄂		420323	竹山县	县区		
鄂		420324	竹溪县	县区		
鄂		420325	房县	县区		
鄂		420381	丹江口市	县区		
鄂	宜昌市	420500	宜昌市	地市级		
鄂		420502	西陵区	县区		
鄂		420503	伍家岗区	县区		
鄂		420504	点军区	县区		
鄂		420505	猇亭区	县区		
鄂		420506	夷陵区	县区		
鄂		420525	远安县	县区		
鄂		420526	兴山县	县区		
鄂		420527	秭归县	县区		
鄂		420528	长阳土家族自治县	县区		
鄂		420529	五峰土家族自治县	县区		
鄂		420581	宜都市	县区		
鄂		420582	当阳市	县区		
鄂		420583	枝江市	县区		
鄂	襄阳市	420600	襄阳市	地市级		
鄂		420602	襄城区	县区		
鄂		420606	樊城区	县区		
鄂		420607	襄州区	县区		
鄂		420624	南漳县	县区		
鄂		420625	谷城县	县区		
鄂		420626	保康县	县区		
鄂		420682	老河口市	县区		
鄂		420683	枣阳市	县区		
鄂		420684	宜城市	县区		
鄂	鄂州市	420700	鄂州市	地市级		
鄂		420702	梁子湖区	县区		
鄂		420703	华容区	县区		
鄂		420704	鄂城区	县区		
鄂	荆门市	420800	荆门市	地市级		
鄂		420802	东宝区	县区		
鄂		420804	掇刀区	县区		
鄂		420822	沙洋县	县区		
鄂		420881	钟祥市	县区		
鄂		420882	京山市	县区		
鄂	孝感市	420900	孝感市	地市级		
鄂		420902	孝南区	县区		
鄂		420921	孝昌县	县区		
鄂		420922	大悟县	县区		
鄂		420923	云梦县	县区		
鄂		420981	应城市	县区		
鄂		420982	安陆市	县区		
鄂		420984	汉川市	县区		
鄂	荆州市	421000	荆州市	地市级		
鄂		421002	沙市区	县区		
鄂		421003	荆州区	县区		
鄂		421022	公安县	县区		
鄂		421024	江陵县	县区		
鄂		421081	石首市	县区		
鄂		421083	洪湖市	县区		
鄂		421087	松滋市	县区		
鄂		421088	监利市	县区		
鄂	黄冈市	421100	黄冈市	地市级		
鄂		421102	黄州区	县区		
鄂		421121	团风县	县区		
鄂		421122	红安县	县区		
鄂		421123	罗田县	县区		
鄂		421124	英山县	县区		
鄂		421125	浠水县	县区		
鄂		421126	蕲春县	县区		
鄂		421127	黄梅县	县区		
鄂		421181	麻城市	县区		
鄂		421182	武穴市	县区		
鄂	咸宁市	421200	咸宁市	地市级		
鄂		421202	咸安区	县区		
鄂		421221	嘉鱼县	县区		
鄂		421222	通城县	县区		
鄂		421223	崇阳县	县区		
鄂		421224	通山县	县区		
鄂		421281	赤壁市	县区		
鄂	随州市	421300	随州市	地市级		
鄂		421303	曾都区	县区		
鄂		421321	随县	县区		
鄂		421381	广水市	县区		
鄂	恩施土家族苗族自治州	422800	恩施土家族苗族自治州	地市级		
鄂		422801	恩施市	县区		
鄂		422802	利川市	县区		
鄂		422822	建始县	县区		
鄂		422823	巴东县	县区		
鄂		422825	宣恩县	县区		
鄂		422826	咸丰县	县区		
鄂		422827	来凤县	县区		
鄂		422828	鹤峰县	县区		
鄂		429004	仙桃市	县区		
鄂		429005	潜江市	县区		
鄂		429006	天门市	县区		
鄂		429021	神农架林区	县区		
湘		430000	湖南省	省级		
湘	长沙市	430100	长沙市	地市级	√	
湘		430102	芙蓉区	县区		
湘		430103	天心区	县区		
湘		430104	岳麓区	县区		
湘		430105	开福区	县区		
湘		430111	雨花区	县区		
湘		430112	望城区	县区		
湘		430121	长沙县	县区		
湘		430181	浏阳市	县区		
湘		430182	宁乡市	县区		
湘	株洲市	430200	株洲市	地市级		
湘		430202	荷塘区	县区		
湘		430203	芦淞区	县区		
湘		430204	石峰区	县区		
湘		430211	天元区	县区		
湘		430212	渌口区	县区		
湘		430223	攸县	县区		
湘		430224	茶陵县	县区		
湘		430225	炎陵县	县区		
湘		430281	醴陵市	县区		
湘	湘潭市	430300	湘潭市	地市级		
湘		430302	雨湖区	县区		
湘		430304	岳塘区	县区		
湘		430321	湘潭县	县区		
湘		430381	湘乡市	县区		
湘		430382	韶山市	县区		
湘	衡阳市	430400	衡阳市	地市级		
湘		430405	珠晖区	县区		
湘		430406	雁峰区	县区		
湘		430407	石鼓区	县区		
湘		430408	蒸湘区	县区		
湘		430412	南岳区	县区		
湘		430421	衡阳县	县区		
湘		430422	衡南县	县区		
湘		430423	衡山县	县区		
湘		430424	衡东县	县区		
湘		430426	祁东县	县区		
湘		430481	耒阳市	县区		
湘		430482	常宁市	县区		
湘	邵阳市	430500	邵阳市	地市级		
湘		430502	双清区	县区		
湘		430503	大祥区	县区		
湘		430511	北塔区	县区		
湘		430522	新邵县	县区		
湘		430523	邵阳县	县区		
湘		430524	隆回县	县区		
湘		430525	洞口县	县区		
湘		430527	绥宁县	县区		
湘		430528	新宁县	县区		
湘		430529	城步苗族自治县	县区		
湘		430581	武冈市	县区		
湘		430582	邵东市	县区		
湘	岳阳市	430600	岳阳市	地市级		
湘		430602	岳阳楼区	县区		
湘		430603	云溪区	县区		
湘		430611	君山区	县区		
湘		430621	岳阳县	县区		
湘		430623	华容县	县区		
湘		430624	湘阴县	县区		
湘		430626	平江县	县区		
湘		430681	汨罗市	县区		
湘		430682	临湘市	县区		
湘	常德市	430700	常德市	地市级		
湘		430702	武陵区	县区		
湘		430703	鼎城区	县区		
湘		430721	安乡县	县区		
湘		430722	汉寿县	县区		
湘		430723	澧县	县区		
湘		430724	临澧县	县区		
湘		430725	桃源县	县区		
湘		430726	石门县	县区		
湘		430781	津市市	县区		
湘	张家界市	430800	张家界市	地市级		
湘		430802	永定区	县区		
湘		430811	武陵源区	县区		
湘		430821	慈利县	县区		
湘		430822	桑植县	县区		
湘	益阳市	430900	益阳市	地市级		
湘		430902	资阳区	县区		
湘		430903	赫山区	县区		
湘		430921	南县	县区		
湘		430922	桃江县	县区		
湘		430923	安化县	县区		
湘		430981	沅江市	县区		
湘	郴州市	431000	郴州市	地市级		
湘		431002	北湖区	县区		
湘		431003	苏仙区	县区		
湘		431021	桂阳县	县区		
湘		431022	宜章县	县区		
湘		431023	永兴县	县区		
湘		431024	嘉禾县	县区		
湘		431025	临武县	县区		
湘		431026	汝城县	县区		
湘		431027	桂东县	县区		
湘		431028	安仁县	县区		
湘		431081	资兴市	县区		
湘	永州市	431100	永州市	地市级		
湘		431102	零陵区	县区		
湘		431103	冷水滩区	县区		
湘		431121	祁阳县	县区		
湘		431122	东安县	县区		
湘		431123	双牌县	县区		
湘		431124	道县	县区		
湘		431125	江永县	县区		
湘		431126	宁远县	县区		
湘		431127	蓝山县	县区		
湘		431128	新田县	县区		
湘		431129	江华瑶族自治县	县区		
湘	怀化市	431200	怀化市	地市级		
湘		431202	鹤城区	县区		
湘		431221	中方县	县区		
湘		431222	沅陵县	县区		
湘		431223	辰溪县	县区		
湘		431224	溆浦县	县区		
湘		431225	会同县	县区		
湘		431226	麻阳苗族自治县	县区		
湘		431227	新晃侗族自治县	县区		
湘		431228	芷江侗族自治县	县区		
湘		431229	靖州苗族侗族自治县	县区		
湘		431230	通道侗族自治县	县区		
湘		431281	洪江市	县区		
湘	娄底市	431300	娄底市	地市级		
湘		431302	娄星区	县区		
湘		431321	双峰县	县区		
湘		431322	新化县	县区		
湘		431381	冷水江市	县区		
湘		431382	涟源市	县区		
湘	湘西土家族苗族自治州	433100	湘西土家族苗族自治州	地市级		
湘		433101	吉首市	县区		
湘		433122	泸溪县	县区		
湘		433123	凤凰县	县区		
湘		433124	花垣县	县区		
湘		433125	保靖县	县区		
湘		433126	古丈县	县区		
湘		433127	永顺县	县区		
湘		433130	龙山县	县区		
粤		440000	广东省	省级		
粤	广州市	440100	广州市	副省级	√	
粤		440103	荔湾区	县区		
粤		440104	越秀区	县区		
粤		440105	海珠区	县区		
粤		440106	天河区	县区		
粤		440111	白云区	县区		
粤		440112	黄埔区	县区		
粤		440113	番禺区	县区		
粤		440114	花都区	县区		
粤		440115	南沙区	县区		
粤		440117	从化区	县区		
粤		440118	增城区	县区		
粤	韶关市	440200	韶关市	地市级		
粤		440203	武江区	县区		
粤		440204	浈江区	县区		
粤		440205	曲江区	县区		
粤		440222	始兴县	县区		
粤		440224	仁化县	县区		
粤		440229	翁源县	县区		
粤		440232	乳源瑶族自治县	县区		
粤		440233	新丰县	县区		
粤		440281	乐昌市	县区		
粤		440282	南雄市	县区		
粤	深圳市	440300	深圳市	副省级		
粤		440303	罗湖区	县区		
粤		440304	福田区	县区		
粤		440305	南山区	县区		
粤		440306	宝安区	县区		
粤		440307	龙岗区	县区		
粤		440308	盐田区	县区		
粤		440309	龙华区	县区		
粤		440310	坪山区	县区		
粤		440311	光明区	县区		
粤	珠海市	440400	珠海市	地市级		
粤		440402	香洲区	县区		
粤		440403	斗门区	县区		
粤		440404	金湾区	县区		
粤	汕头市	440500	汕头市	地市级		
粤		440507	龙湖区	县区		
粤		440511	金平区	县区		
粤		440512	濠江区	县区		
粤		440513	潮阳区	县区		
粤		440514	潮南区	县区		
粤		440515	澄海区	县区		
粤		440523	南澳县	县区		
粤	佛山市	440600	佛山市	地市级		
粤		440604	禅城区	县区		
粤		440605	南海区	县区		
粤		440606	顺德区	县区		
粤		440607	三水区	县区		
粤		440608	高明区	县区		
粤	江门市	440700	江门市	地市级		
粤		440703	蓬江区	县区		
粤		440704	江海区	县区		
粤		440705	新会区	县区		
粤		440781	台山市	县区		
粤		440783	开平市	县区		
粤		440784	鹤山市	县区		
粤		440785	恩平市	县区		
粤	湛江市	440800	湛江市	地市级		
粤		440802	赤坎区	县区		
粤		440803	霞山区	县区		
粤		440804	坡头区	县区		
粤		440811	麻章区	县区		
粤		440823	遂溪县	县区		
粤		440825	徐闻县	县区		
粤		440881	廉江市	县区		
粤		440882	雷州市	县区		
粤		440883	吴川市	县区		
粤	茂名市	440900	茂名市	地市级		
粤		440902	茂南区	县区		
粤		440904	电白区	县区		
粤		440981	高州市	县区		
粤		440982	化州市	县区		
粤		440983	信宜市	县区		
粤	肇庆市	441200	肇庆市	地市级		
粤		441202	端州区	县区		
粤		441203	鼎湖区	县区		
粤		441204	高要区	县区		
粤		441223	广宁县	县区		
粤		441224	怀集县	县区		
粤		441225	封开县	县区		
粤		441226	德庆县	县区		
粤		441284	四会市	县区		
粤	惠州市	441300	惠州市	地市级		
粤		441302	惠城区	县区		
粤		441303	惠阳区	县区		
粤		441322	博罗县	县区		
粤		441323	惠东县	县区		
粤		441324	龙门县	县区		
粤	梅州市	441400	梅州市	地市级		
粤		441402	梅江区	县区		
粤		441403	梅县区	县区		
粤		441422	大埔县	县区		
粤		441423	丰顺县	县区		
粤		441424	五华县	县区		
粤		441426	平远县	县区		
粤		441427	蕉岭县	县区		
粤		441481	兴宁市	县区		
粤	汕尾市	441500	汕尾市	地市级		
粤		441502	城区	县区		
粤		441521	海丰县	县区		
粤		441523	陆河县	县区		
粤		441581	陆丰市	县区		
粤	河源市	441600	河源市	地市级		
粤		441602	源城区	县区		
粤		441621	紫金县	县区		
粤		441622	龙川县	县区		
粤		441623	连平县	县区		
粤		441624	和平县	县区		
粤		441625	东源县	县区		
粤	阳江市	441700	阳江市	地市级		
粤		441702	江城区	县区		
粤		441704	阳东区	县区		
粤		441721	阳西县	县区		
粤		441781	阳春市	县区		
粤	清远市	441800	清远市	地市级		
粤		441802	清城区	县区		
粤		441803	清新区	县区		
粤		441821	佛冈县	县区		
粤		441823	阳山县	县区		
粤		441825	连山壮族瑶族自治县	县区		
粤		441826	连南瑶族自治县	县区		
粤		441881	英德市	县区		
粤		441882	连州市	县区		
粤	东莞市	441900	东莞市	地市级		
粤	中山市	442000	中山市	地市级		
粤	潮州市	445100	潮州市	地市级		
粤		445102	湘桥区	县区		
粤		445103	潮安区	县区		
粤		445122	饶平县	县区		
粤	揭阳市	445200	揭阳市	地市级		
粤		445202	榕城区	县区		
粤		445203	揭东区	县区		
粤		445222	揭西县	县区		
粤		445224	惠来县	县区		
粤		445281	普宁市	县区		
粤	云浮市	445300	云浮市	地市级		
粤		445302	云城区	县区		
粤		445303	云安区	县区		
粤		445321	新兴县	县区		
粤		445322	郁南县	县区		
粤		445381	罗定市	县区		
桂		450000	广西壮族自治区	省级		
桂	南宁市	450100	南宁市	地市级	√	
桂		450102	兴宁区	县区		
桂		450103	青秀区	县区		
桂		450105	江南区	县区		
桂		450107	西乡塘区	县区		
桂		450108	良庆区	县区		
桂		450109	邕宁区	县区		
桂		450110	武鸣区	县区		
桂		450123	隆安县	县区		
桂		450124	马山县	县区		
桂		450125	上林县	县区		
桂		450126	宾阳县	县区		
桂		450127	横县	县区		
桂	柳州市	450200	柳州市	地市级		
桂		450202	城中区	县区		
桂		450203	鱼峰区	县区		
桂		450204	柳南区	县区		
桂		450205	柳北区	县区		
桂		450206	柳江区	县区		
桂		450222	柳城县	县区		
桂		450223	鹿寨县	县区		
桂		450224	融安县	县区		
桂		450225	融水苗族自治县	县区		
桂		450226	三江侗族自治县	县区		
桂	桂林市	450300	桂林市	地市级		
桂		450302	秀峰区	县区		
桂		450303	叠彩区	县区		
桂		450304	象山区	县区		
桂		450305	七星区	县区		
桂		450311	雁山区	县区		
桂		450312	临桂区	县区		
桂		450321	阳朔县	县区		
桂		450323	灵川县	县区		
桂		450324	全州县	县区		
桂		450325	兴安县	县区		
桂		450326	永福县	县区		
桂		450327	灌阳县	县区		
桂		450328	龙胜各族自治县	县区		
桂		450329	资源县	县区		
桂		450330	平乐县	县区		
桂		450332	恭城瑶族自治县	县区		
桂		450381	荔浦市	县区		
桂	梧州市	450400	梧州市	地市级		
桂		450403	万秀区	县区		
桂		450405	长洲区	县区		
桂		450406	龙圩区	县区		
桂		450421	苍梧县	县区		
桂		450422	藤县	县区		
桂		450423	蒙山县	县区		
桂		450481	岑溪市	县区		
桂	北海市	450500	北海市	地市级		
桂		450502	海城区	县区		
桂		450503	银海区	县区		
桂		450512	铁山港区	县区		
桂		450521	合浦县	县区		
桂	防城港市	450600	防城港市	地市级		
桂		450602	港口区	县区		
桂		450603	防城区	县区		
桂		450621	上思县	县区		
桂		450681	东兴市	县区		
桂	钦州市	450700	钦州市	地市级		
桂		450702	钦南区	县区		
桂		450703	钦北区	县区		
桂		450721	灵山县	县区		
桂		450722	浦北县	县区		
桂	贵港市	450800	贵港市	地市级		
桂		450802	港北区	县区		
桂		450803	港南区	县区		
桂		450804	覃塘区	县区		
桂		450821	平南县	县区		
桂		450881	桂平市	县区		
桂	玉林市	450900	玉林市	地市级		
桂		450902	玉州区	县区		
桂		450903	福绵区	县区		
桂		450921	容县	县区		
桂		450922	陆川县	县区		
桂		450923	博白县	县区		
桂		450924	兴业县	县区		
桂		450981	北流市	县区		
桂	百色市	451000	百色市	地市级		
桂		451002	右江区	县区		
桂		451003	田阳区	县区		
桂		451022	田东县	县区		
桂		451024	德保县	县区		
桂		451026	那坡县	县区		
桂		451027	凌云县	县区		
桂		451028	乐业县	县区		
桂		451029	田林县	县区		
桂		451030	西林县	县区		
桂		451031	隆林各族自治县	县区		
桂		451081	靖西市	县区		
桂		451082	平果市	县区		
桂	贺州市	451100	贺州市	地市级		
桂		451102	八步区	县区		
桂		451103	平桂区	县区		
桂		451121	昭平县	县区		
桂		451122	钟山县	县区		
桂		451123	富川瑶族自治县	县区		
桂	河池市	451200	河池市	地市级		
桂		451202	金城江区	县区		
桂		451203	宜州区	县区		
桂		451221	南丹县	县区		
桂		451222	天峨县	县区		
桂		451223	凤山县	县区		
桂		451224	东兰县	县区		
桂		451225	罗城仫佬族自治县	县区		
桂		451226	环江毛南族自治县	县区		
桂		451227	巴马瑶族自治县	县区		
桂		451228	都安瑶族自治县	县区		
桂		451229	大化瑶族自治县	县区		
桂	来宾市	451300	来宾市	地市级		
桂		451302	兴宾区	县区		
桂		451321	忻城县	县区		
桂		451322	象州县	县区		
桂		451323	武宣县	县区		
桂		451324	金秀瑶族自治县	县区		
桂		451381	合山市	县区		
桂	崇左市	451400	崇左市	地市级		
桂		451402	江州区	县区		
桂		451421	扶绥县	县区		
桂		451422	宁明县	县区		
桂		451423	龙州县	县区		
桂		451424	大新县	县区		
桂		451425	天等县	县区		
桂		451481	凭祥市	县区		
琼		460000	海南省	省级		
琼	海口市	460100	海口市	地市级	√	
琼		460105	秀英区	县区		
琼		460106	龙华区	县区		
琼		460107	琼山区	县区		
琼		460108	美兰区	县区		
琼	三亚市	460200	三亚市	地市级		
琼		460202	海棠区	县区		
琼		460203	吉阳区	县区		
琼		460204	天涯区	县区		
琼		460205	崖州区	县区		
琼	三沙市	460300	三沙市	地市级		
琼		460321	西沙区	县区		代码未定，20200418成立
琼		460322	南沙区	县区		代码未定，20200418成立
琼	儋州市	460400	儋州市	地市级		
琼		469001	五指山市	县区		
琼		469002	琼海市	县区		
琼		469005	文昌市	县区		
琼		469006	万宁市	县区		
琼		469007	东方市	县区		
琼		469021	定安县	县区		
琼		469022	屯昌县	县区		
琼		469023	澄迈县	县区		
琼		469024	临高县	县区		
琼		469025	白沙黎族自治县	县区		
琼		469026	昌江黎族自治县	县区		
琼		469027	乐东黎族自治县	县区		
琼		469028	陵水黎族自治县	县区		
琼		469029	保亭黎族苗族自治县	县区		
琼		469030	琼中黎族苗族自治县	县区		
渝		500000	重庆市	省级		
渝		500101	万州区	县区		
渝		500102	涪陵区	县区		
渝		500103	渝中区	县区	√	
渝		500104	大渡口区	县区		
渝		500105	江北区	县区		
渝		500106	沙坪坝区	县区		
渝		500107	九龙坡区	县区		
渝		500108	南岸区	县区		
渝		500109	北碚区	县区		
渝		500110	綦江区	县区		
渝		500111	大足区	县区		
渝		500112	渝北区	县区		
渝		500113	巴南区	县区		
渝		500114	黔江区	县区		
渝		500115	长寿区	县区		
渝		500116	江津区	县区		
渝		500117	合川区	县区		
渝		500118	永川区	县区		
渝		500119	南川区	县区		
渝		500120	璧山区	县区		
渝		500151	铜梁区	县区		
渝		500152	潼南区	县区		
渝		500153	荣昌区	县区		
渝		500154	开州区	县区		
渝		500155	梁平区	县区		
渝		500156	武隆区	县区		
渝		500229	城口县	县区		
渝		500230	丰都县	县区		
渝		500231	垫江县	县区		
渝		500233	忠县	县区		
渝		500235	云阳县	县区		
渝		500236	奉节县	县区		
渝		500237	巫山县	县区		
渝		500238	巫溪县	县区		
渝		500240	石柱土家族自治县	县区		
渝		500241	秀山土家族苗族自治县	县区		
渝		500242	酉阳土家族苗族自治县	县区		
渝		500243	彭水苗族土家族自治县	县区		
川		510000	四川省	省级		
川	成都市	510100	成都市	副省级	√	
川		510104	锦江区	县区		
川		510105	青羊区	县区		
川		510106	金牛区	县区		
川		510107	武侯区	县区		
川		510108	成华区	县区		
川		510112	龙泉驿区	县区		
川		510113	青白江区	县区		
川		510114	新都区	县区		
川		510115	温江区	县区		
川		510116	双流区	县区		
川		510117	郫都区	县区		
川		510118	新津区	县区		
川		510121	金堂县	县区		
川		510129	大邑县	县区		
川		510131	蒲江县	县区		
川		510181	都江堰市	县区		
川		510182	彭州市	县区		
川		510183	邛崃市	县区		
川		510184	崇州市	县区		
川		510185	简阳市	县区		
川	自贡市	510300	自贡市	地市级		
川		510302	自流井区	县区		
川		510303	贡井区	县区		
川		510304	大安区	县区		
川		510311	沿滩区	县区		
川		510321	荣县	县区		
川		510322	富顺县	县区		
川	攀枝花市	510400	攀枝花市	地市级		
川		510402	东区	县区		
川		510403	西区	县区		
川		510411	仁和区	县区		
川		510421	米易县	县区		
川		510422	盐边县	县区		
川	泸州市	510500	泸州市	地市级		
川		510502	江阳区	县区		
川		510503	纳溪区	县区		
川		510504	龙马潭区	县区		
川		510521	泸县	县区		
川		510522	合江县	县区		
川		510524	叙永县	县区		
川		510525	古蔺县	县区		
川	德阳市	510600	德阳市	地市级		
川		510603	旌阳区	县区		
川		510604	罗江区	县区		
川		510623	中江县	县区		
川		510681	广汉市	县区		
川		510682	什邡市	县区		
川		510683	绵竹市	县区		
川	绵阳市	510700	绵阳市	地市级		
川		510703	涪城区	县区		
川		510704	游仙区	县区		
川		510705	安州区	县区		
川		510722	三台县	县区		
川		510723	盐亭县	县区		
川		510725	梓潼县	县区		
川		510726	北川羌族自治县	县区		
川		510727	平武县	县区		
川		510781	江油市	县区		
川	广元市	510800	广元市	地市级		
川		510802	利州区	县区		
川		510811	昭化区	县区		
川		510812	朝天区	县区		
川		510821	旺苍县	县区		
川		510822	青川县	县区		
川		510823	剑阁县	县区		
川		510824	苍溪县	县区		
川	遂宁市	510900	遂宁市	地市级		
川		510903	船山区	县区		
川		510904	安居区	县区		
川		510921	蓬溪县	县区		
川		510923	大英县	县区		
川		510981	射洪市	县区		
川	内江市	511000	内江市	地市级		
川		511002	市中区	县区		
川		511011	东兴区	县区		
川		511024	威远县	县区		
川		511025	资中县	县区		
川		511083	隆昌市	县区		
川	乐山市	511100	乐山市	地市级		
川		511102	市中区	县区		
川		511111	沙湾区	县区		
川		511112	五通桥区	县区		
川		511113	金口河区	县区		
川		511123	犍为县	县区		
川		511124	井研县	县区		
川		511126	夹江县	县区		
川		511129	沐川县	县区		
川		511132	峨边彝族自治县	县区		
川		511133	马边彝族自治县	县区		
川		511181	峨眉山市	县区		
川	南充市	511300	南充市	地市级		
川		511302	顺庆区	县区		
川		511303	高坪区	县区		
川		511304	嘉陵区	县区		
川		511321	南部县	县区		
川		511322	营山县	县区		
川		511323	蓬安县	县区		
川		511324	仪陇县	县区		
川		511325	西充县	县区		
川		511381	阆中市	县区		
川	眉山市	511400	眉山市	地市级		
川		511402	东坡区	县区		
川		511403	彭山区	县区		
川		511421	仁寿县	县区		
川		511423	洪雅县	县区		
川		511424	丹棱县	县区		
川		511425	青神县	县区		
川	宜宾市	511500	宜宾市	地市级		
川		511502	翠屏区	县区		
川		511503	南溪区	县区		
川		511504	叙州区	县区		
川		511523	江安县	县区		
川		511524	长宁县	县区		
川		511525	高县	县区		
川		511526	珙县	县区		
川		511527	筠连县	县区		
川		511528	兴文县	县区		
川		511529	屏山县	县区		
川	广安市	511600	广安市	地市级		
川		511602	广安区	县区		
川		511603	前锋区	县区		
川		511621	岳池县	县区		
川		511622	武胜县	县区		
川		511623	邻水县	县区		
川		511681	华蓥市	县区		
川	达州市	511700	达州市	地市级		
川		511702	通川区	县区		
川		511703	达川区	县区		
川		511722	宣汉县	县区		
川		511723	开江县	县区		
川		511724	大竹县	县区		
川		511725	渠县	县区		
川		511781	万源市	县区		
川	雅安市	511800	雅安市	地市级		
川		511802	雨城区	县区		
川		511803	名山区	县区		
川		511822	荥经县	县区		
川		511823	汉源县	县区		
川		511824	石棉县	县区		
川		511825	天全县	县区		
川		511826	芦山县	县区		
川		511827	宝兴县	县区		
川	巴中市	511900	巴中市	地市级		
川		511902	巴州区	县区		
川		511903	恩阳区	县区		
川		511921	通江县	县区		
川		511922	南江县	县区		
川		511923	平昌县	县区		
川	资阳市	512000	资阳市	地市级		
川		512002	雁江区	县区		
川		512021	安岳县	县区		
川		512022	乐至县	县区		
川	阿坝藏族羌族自治州	513200	阿坝藏族羌族自治州	地市级		
川		513201	马尔康市	县区		
川		513221	汶川县	县区		
川		513222	理县	县区		
川		513223	茂县	县区		
川		513224	松潘县	县区		
川		513225	九寨沟县	县区		
川		513226	金川县	县区		
川		513227	小金县	县区		
川		513228	黑水县	县区		
川		513230	壤塘县	县区		
川		513231	阿坝县	县区		
川		513232	若尔盖县	县区		
川		513233	红原县	县区		
川	甘孜藏族自治州	513300	甘孜藏族自治州	地市级		
川		513301	康定市	县区		
川		513322	泸定县	县区		
川		513323	丹巴县	县区		
川		513324	九龙县	县区		
川		513325	雅江县	县区		
川		513326	道孚县	县区		
川		513327	炉霍县	县区		
川		513328	甘孜县	县区		
川		513329	新龙县	县区		
川		513330	德格县	县区		
川		513331	白玉县	县区		
川		513332	石渠县	县区		
川		513333	色达县	县区		
川		513334	理塘县	县区		
川		513335	巴塘县	县区		
川		513336	乡城县	县区		
川		513337	稻城县	县区		
川		513338	得荣县	县区		
川	凉山彝族自治州	513400	凉山彝族自治州	地市级		
川		513401	西昌市	县区		
川		513422	木里藏族自治县	县区		
川		513423	盐源县	县区		
川		513424	德昌县	县区		
川		513425	会理县	县区		
川		513426	会东县	县区		
川		513427	宁南县	县区		
川		513428	普格县	县区		
川		513429	布拖县	县区		
川		513430	金阳县	县区		
川		513431	昭觉县	县区		
川		513432	喜德县	县区		
川		513433	冕宁县	县区		
川		513434	越西县	县区		
川		513435	甘洛县	县区		
川		513436	美姑县	县区		
川		513437	雷波县	县区		
贵		520000	贵州省	省级		
贵	贵阳市	520100	贵阳市	地市级	√	
贵		520102	南明区	县区		
贵		520103	云岩区	县区		
贵		520111	花溪区	县区		
贵		520112	乌当区	县区		
贵		520113	白云区	县区		
贵		520115	观山湖区	县区		
贵		520121	开阳县	县区		
贵		520122	息烽县	县区		
贵		520123	修文县	县区		
贵		520181	清镇市	县区		
贵	六盘水市	520200	六盘水市	地市级		
贵		520201	钟山区	县区		
贵		520203	六枝特区	县区		
贵		520204	水城区	县区		
贵		520281	盘州市	县区		
贵	遵义市	520300	遵义市	地市级		
贵		520302	红花岗区	县区		
贵		520303	汇川区	县区		
贵		520304	播州区	县区		
贵		520322	桐梓县	县区		
贵		520323	绥阳县	县区		
贵		520324	正安县	县区		
贵		520325	道真仡佬族苗族自治县	县区		
贵		520326	务川仡佬族苗族自治县	县区		
贵		520327	凤冈县	县区		
贵		520328	湄潭县	县区		
贵		520329	余庆县	县区		
贵		520330	习水县	县区		
贵		520381	赤水市	县区		
贵		520382	仁怀市	县区		
贵	安顺市	520400	安顺市	地市级		
贵		520402	西秀区	县区		
贵		520403	平坝区	县区		
贵		520422	普定县	县区		
贵		520423	镇宁布依族苗族自治县	县区		
贵		520424	关岭布依族苗族自治县	县区		
贵		520425	紫云苗族布依族自治县	县区		
贵	毕节市	520500	毕节市	地市级		
贵		520502	七星关区	县区		
贵		520521	大方县	县区		
贵		520522	黔西县	县区		
贵		520523	金沙县	县区		
贵		520524	织金县	县区		
贵		520525	纳雍县	县区		
贵		520526	威宁彝族回族苗族自治县	县区		
贵		520527	赫章县	县区		
贵	铜仁市	520600	铜仁市	地市级		
贵		520602	碧江区	县区		
贵		520603	万山区	县区		
贵		520621	江口县	县区		
贵		520622	玉屏侗族自治县	县区		
贵		520623	石阡县	县区		
贵		520624	思南县	县区		
贵		520625	印江土家族苗族自治县	县区		
贵		520626	德江县	县区		
贵		520627	沿河土家族自治县	县区		
贵		520628	松桃苗族自治县	县区		
贵	黔西南布依族苗族自治州	522300	黔西南布依族苗族自治州	地市级		
贵		522301	兴义市	县区		
贵		522302	兴仁市	县区		
贵		522323	普安县	县区		
贵		522324	晴隆县	县区		
贵		522325	贞丰县	县区		
贵		522326	望谟县	县区		
贵		522327	册亨县	县区		
贵		522328	安龙县	县区		
贵	黔东南苗族侗族自治州	522600	黔东南苗族侗族自治州	地市级		
贵		522601	凯里市	县区		
贵		522622	黄平县	县区		
贵		522623	施秉县	县区		
贵		522624	三穗县	县区		
贵		522625	镇远县	县区		
贵		522626	岑巩县	县区		
贵		522627	天柱县	县区		
贵		522628	锦屏县	县区		
贵		522629	剑河县	县区		
贵		522630	台江县	县区		
贵		522631	黎平县	县区		
贵		522632	榕江县	县区		
贵		522633	从江县	县区		
贵		522634	雷山县	县区		
贵		522635	麻江县	县区		
贵		522636	丹寨县	县区		
贵	黔南布依族苗族自治州	522700	黔南布依族苗族自治州	地市级		
贵		522701	都匀市	县区		
贵		522702	福泉市	县区		
贵		522722	荔波县	县区		
贵		522723	贵定县	县区		
贵		522725	瓮安县	县区		
贵		522726	独山县	县区		
贵		522727	平塘县	县区		
贵		522728	罗甸县	县区		
贵		522729	长顺县	县区		
贵		522730	龙里县	县区		
贵		522731	惠水县	县区		
贵		522732	三都水族自治县	县区		
云		530000	云南省	省级		
云	昆明市	530100	昆明市	地市级	√	
云		530102	五华区	县区		
云		530103	盘龙区	县区		
云		530111	官渡区	县区		
云		530112	西山区	县区		
云		530113	东川区	县区		
云		530114	呈贡区	县区		
云		530115	晋宁区	县区		
云		530124	富民县	县区		
云		530125	宜良县	县区		
云		530126	石林彝族自治县	县区		
云		530127	嵩明县	县区		
云		530128	禄劝彝族苗族自治县	县区		
云		530129	寻甸回族彝族自治县	县区		
云		530181	安宁市	县区		
云	曲靖市	530300	曲靖市	地市级		
云		530302	麒麟区	县区		
云		530303	沾益区	县区		
云		530304	马龙区	县区		
云		530322	陆良县	县区		
云		530323	师宗县	县区		
云		530324	罗平县	县区		
云		530325	富源县	县区		
云		530326	会泽县	县区		
云		530381	宣威市	县区		
云	玉溪市	530400	玉溪市	地市级		
云		530402	红塔区	县区		
云		530403	江川区	县区		
云		530423	通海县	县区		
云		530424	华宁县	县区		
云		530425	易门县	县区		
云		530426	峨山彝族自治县	县区		
云		530427	新平彝族傣族自治县	县区		
云		530428	元江哈尼族彝族傣族自治县	县区		
云		530481	澄江市	县区		
云	保山市	530500	保山市	地市级		
云		530502	隆阳区	县区		
云		530521	施甸县	县区		
云		530523	龙陵县	县区		
云		530524	昌宁县	县区		
云		530581	腾冲市	县区		
云	昭通市	530600	昭通市	地市级		
云		530602	昭阳区	县区		
云		530621	鲁甸县	县区		
云		530622	巧家县	县区		
云		530623	盐津县	县区		
云		530624	大关县	县区		
云		530625	永善县	县区		
云		530626	绥江县	县区		
云		530627	镇雄县	县区		
云		530628	彝良县	县区		
云		530629	威信县	县区		
云		530681	水富市	县区		
云	丽江市	530700	丽江市	地市级		
云		530702	古城区	县区		
云		530721	玉龙纳西族自治县	县区		
云		530722	永胜县	县区		
云		530723	华坪县	县区		
云		530724	宁蒗彝族自治县	县区		
云	普洱市	530800	普洱市	地市级		
云		530802	思茅区	县区		
云		530821	宁洱哈尼族彝族自治县	县区		
云		530822	墨江哈尼族自治县	县区		
云		530823	景东彝族自治县	县区		
云		530824	景谷傣族彝族自治县	县区		
云		530825	镇沅彝族哈尼族拉祜族自治县	县区		
云		530826	江城哈尼族彝族自治县	县区		
云		530827	孟连傣族拉祜族佤族自治县	县区		
云		530828	澜沧拉祜族自治县	县区		
云		530829	西盟佤族自治县	县区		
云	临沧市	530900	临沧市	地市级		
云		530902	临翔区	县区		
云		530921	凤庆县	县区		
云		530922	云县	县区		
云		530923	永德县	县区		
云		530924	镇康县	县区		
云		530925	双江拉祜族佤族布朗族傣族自治县	县区		
云		530926	耿马傣族佤族自治县	县区		
云		530927	沧源佤族自治县	县区		
云	楚雄彝族自治州	532300	楚雄彝族自治州	地市级		
云		532301	楚雄市	县区		
云		532322	双柏县	县区		
云		532323	牟定县	县区		
云		532324	南华县	县区		
云		532325	姚安县	县区		
云		532326	大姚县	县区		
云		532327	永仁县	县区		
云		532328	元谋县	县区		
云		532329	武定县	县区		
云		532331	禄丰县	县区		
云	红河哈尼族彝族自治州	532500	红河哈尼族彝族自治州	地市级		
云		532501	个旧市	县区		
云		532502	开远市	县区		
云		532503	蒙自市	县区		
云		532504	弥勒市	县区		
云		532523	屏边苗族自治县	县区		
云		532524	建水县	县区		
云		532525	石屏县	县区		
云		532527	泸西县	县区		
云		532528	元阳县	县区		
云		532529	红河县	县区		
云		532530	金平苗族瑶族傣族自治县	县区		
云		532531	绿春县	县区		
云		532532	河口瑶族自治县	县区		
云	文山壮族苗族自治州	532600	文山壮族苗族自治州	地市级		
云		532601	文山市	县区		
云		532622	砚山县	县区		
云		532623	西畴县	县区		
云		532624	麻栗坡县	县区		
云		532625	马关县	县区		
云		532626	丘北县	县区		
云		532627	广南县	县区		
云		532628	富宁县	县区		
云	西双版纳傣族自治州	532800	西双版纳傣族自治州	地市级		
云		532801	景洪市	县区		
云		532822	勐海县	县区		
云		532823	勐腊县	县区		
云	大理白族自治州	532900	大理白族自治州	地市级		
云		532901	大理市	县区		
云		532922	漾濞彝族自治县	县区		
云		532923	祥云县	县区		
云		532924	宾川县	县区		
云		532925	弥渡县	县区		
云		532926	南涧彝族自治县	县区		
云		532927	巍山彝族回族自治县	县区		
云		532928	永平县	县区		
云		532929	云龙县	县区		
云		532930	洱源县	县区		
云		532931	剑川县	县区		
云		532932	鹤庆县	县区		
云	德宏傣族景颇族自治州	533100	德宏傣族景颇族自治州	地市级		
云		533102	瑞丽市	县区		
云		533103	芒市	县区		
云		533122	梁河县	县区		
云		533123	盈江县	县区		
云		533124	陇川县	县区		
云	怒江傈僳族自治州	533300	怒江傈僳族自治州	地市级		
云		533301	泸水市	县区		
云		533323	福贡县	县区		
云		533324	贡山独龙族怒族自治县	县区		
云		533325	兰坪白族普米族自治县	县区		
云	迪庆藏族自治州	533400	迪庆藏族自治州	地市级		
云		533401	香格里拉市	县区		
云		533422	德钦县	县区		
云		533423	维西傈僳族自治县	县区		
藏		540000	西藏自治区	省级		
藏	拉萨市	540100	拉萨市	地市级	√	
藏		540102	城关区	县区		
藏		540103	堆龙德庆区	县区		
藏		540104	达孜区	县区		
藏		540121	林周县	县区		
藏		540122	当雄县	县区		
藏		540123	尼木县	县区		
藏		540124	曲水县	县区		
藏		540127	墨竹工卡县	县区		
藏	日喀则市	540200	日喀则市	地市级		
藏		540202	桑珠孜区	县区		
藏		540221	南木林县	县区		
藏		540222	江孜县	县区		
藏		540223	定日县	县区		
藏		540224	萨迦县	县区		
藏		540225	拉孜县	县区		
藏		540226	昂仁县	县区		
藏		540227	谢通门县	县区		
藏		540228	白朗县	县区		
藏		540229	仁布县	县区		
藏		540230	康马县	县区		
藏		540231	定结县	县区		
藏		540232	仲巴县	县区		
藏		540233	亚东县	县区		
藏		540234	吉隆县	县区		
藏		540235	聂拉木县	县区		
藏		540236	萨嘎县	县区		
藏		540237	岗巴县	县区		
藏	昌都市	540300	昌都市	地市级		
藏		540302	卡若区	县区		
藏		540321	江达县	县区		
藏		540322	贡觉县	县区		
藏		540323	类乌齐县	县区		
藏		540324	丁青县	县区		
藏		540325	察雅县	县区		
藏		540326	八宿县	县区		
藏		540327	左贡县	县区		
藏		540328	芒康县	县区		
藏		540329	洛隆县	县区		
藏		540330	边坝县	县区		
藏	林芝市	540400	林芝市	地市级		
藏		540402	巴宜区	县区		
藏		540421	工布江达县	县区		
藏		540422	米林县	县区		
藏		540423	墨脱县	县区		
藏		540424	波密县	县区		
藏		540425	察隅县	县区		
藏		540426	朗县	县区		
藏	山南市	540500	山南市	地市级		
藏		540502	乃东区	县区		
藏		540521	扎囊县	县区		
藏		540522	贡嘎县	县区		
藏		540523	桑日县	县区		
藏		540524	琼结县	县区		
藏		540525	曲松县	县区		
藏		540526	措美县	县区		
藏		540527	洛扎县	县区		
藏		540528	加查县	县区		
藏		540529	隆子县	县区		
藏		540530	错那县	县区		
藏		540531	浪卡子县	县区		
藏	那曲市	540600	那曲市	地市级		
藏		540602	色尼区	县区		
藏		540621	嘉黎县	县区		
藏		540622	比如县	县区		
藏		540623	聂荣县	县区		
藏		540624	安多县	县区		
藏		540625	申扎县	县区		
藏		540626	索县	县区		
藏		540627	班戈县	县区		
藏		540628	巴青县	县区		
藏		540629	尼玛县	县区		
藏		540630	双湖县	县区		
藏	阿里地区	542500	阿里地区	地市级		
藏		542521	普兰县	县区		
藏		542522	札达县	县区		
藏		542523	噶尔县	县区		
藏		542524	日土县	县区		
藏		542525	革吉县	县区		
藏		542526	改则县	县区		
藏		542527	措勤县	县区		
陕		610000	陕西省	省级		
陕	西安市	610100	西安市	副省级	√	
陕		610102	新城区	县区		
陕		610103	碑林区	县区		
陕		610104	莲湖区	县区		
陕		610111	灞桥区	县区		
陕		610112	未央区	县区		
陕		610113	雁塔区	县区		
陕		610114	阎良区	县区		
陕		610115	临潼区	县区		
陕		610116	长安区	县区		
陕		610117	高陵区	县区		
陕		610118	鄠邑区	县区		
陕		610122	蓝田县	县区		
陕		610124	周至县	县区		
陕	铜川市	610200	铜川市	地市级		
陕		610202	王益区	县区		
陕		610203	印台区	县区		
陕		610204	耀州区	县区		
陕		610222	宜君县	县区		
陕	宝鸡市	610300	宝鸡市	地市级		
陕		610302	渭滨区	县区		
陕		610303	金台区	县区		
陕		610304	陈仓区	县区		
陕		610322	凤翔县	县区		
陕		610323	岐山县	县区		
陕		610324	扶风县	县区		
陕		610326	眉县	县区		
陕		610327	陇县	县区		
陕		610328	千阳县	县区		
陕		610329	麟游县	县区		
陕		610330	凤县	县区		
陕		610331	太白县	县区		
陕	咸阳市	610400	咸阳市	地市级		
陕		610402	秦都区	县区		
陕		610403	杨陵区	县区		
陕		610404	渭城区	县区		
陕		610422	三原县	县区		
陕		610423	泾阳县	县区		
陕		610424	乾县	县区		
陕		610425	礼泉县	县区		
陕		610426	永寿县	县区		
陕		610428	长武县	县区		
陕		610429	旬邑县	县区		
陕		610430	淳化县	县区		
陕		610431	武功县	县区		
陕		610481	兴平市	县区		
陕		610482	彬州市	县区		
陕	渭南市	610500	渭南市	地市级		
陕		610502	临渭区	县区		
陕		610503	华州区	县区		
陕		610522	潼关县	县区		
陕		610523	大荔县	县区		
陕		610524	合阳县	县区		
陕		610525	澄城县	县区		
陕		610526	蒲城县	县区		
陕		610527	白水县	县区		
陕		610528	富平县	县区		
陕		610581	韩城市	县区		
陕		610582	华阴市	县区		
陕	延安市	610600	延安市	地市级		
陕		610602	宝塔区	县区		
陕		610603	安塞区	县区		
陕		610621	延长县	县区		
陕		610622	延川县	县区		梁家河的大学
陕		610625	志丹县	县区		
陕		610626	吴起县	县区		
陕		610627	甘泉县	县区		
陕		610628	富县	县区		
陕		610629	洛川县	县区		
陕		610630	宜川县	县区		
陕		610631	黄龙县	县区		
陕		610632	黄陵县	县区		
陕		610681	子长市	县区		
陕	汉中市	610700	汉中市	地市级		
陕		610702	汉台区	县区		
陕		610703	南郑区	县区		
陕		610722	城固县	县区		
陕		610723	洋县	县区		
陕		610724	西乡县	县区		
陕		610725	勉县	县区		
陕		610726	宁强县	县区		
陕		610727	略阳县	县区		
陕		610728	镇巴县	县区		
陕		610729	留坝县	县区		
陕		610730	佛坪县	县区		
陕	榆林市	610800	榆林市	地市级		
陕		610802	榆阳区	县区		
陕		610803	横山区	县区		
陕		610822	府谷县	县区		
陕		610824	靖边县	县区		
陕		610825	定边县	县区		
陕		610826	绥德县	县区		
陕		610827	米脂县	县区		
陕		610828	佳县	县区		
陕		610829	吴堡县	县区		
陕		610830	清涧县	县区		
陕		610831	子洲县	县区		
陕		610881	神木市	县区		
陕	安康市	610900	安康市	地市级		
陕		610902	汉滨区	县区		
陕		610921	汉阴县	县区		
陕		610922	石泉县	县区		
陕		610923	宁陕县	县区		
陕		610924	紫阳县	县区		
陕		610925	岚皋县	县区		
陕		610926	平利县	县区		
陕		610927	镇坪县	县区		
陕		610928	旬阳县	县区		
陕		610929	白河县	县区		
陕	商洛市	611000	商洛市	地市级		
陕		611002	商州区	县区		
陕		611021	洛南县	县区		
陕		611022	丹凤县	县区		
陕		611023	商南县	县区		
陕		611024	山阳县	县区		
陕		611025	镇安县	县区		
陕		611026	柞水县	县区		
甘		620000	甘肃省	省级		
甘	兰州市	620100	兰州市	地市级	√	
甘		620102	城关区	县区		
甘		620103	七里河区	县区		
甘		620104	西固区	县区		
甘		620105	安宁区	县区		
甘		620111	红古区	县区		
甘		620121	永登县	县区		
甘		620122	皋兰县	县区		
甘		620123	榆中县	县区		
甘	嘉峪关市	620200	嘉峪关市	地市级		
甘	金昌市	620300	金昌市	地市级		
甘		620302	金川区	县区		
甘		620321	永昌县	县区		
甘	白银市	620400	白银市	地市级		
甘		620402	白银区	县区		
甘		620403	平川区	县区		
甘		620421	靖远县	县区		
甘		620422	会宁县	县区		
甘		620423	景泰县	县区		
甘	天水市	620500	天水市	地市级		
甘		620502	秦州区	县区		
甘		620503	麦积区	县区		
甘		620521	清水县	县区		
甘		620522	秦安县	县区		
甘		620523	甘谷县	县区		
甘		620524	武山县	县区		
甘		620525	张家川回族自治县	县区		
甘	武威市	620600	武威市	地市级		
甘		620602	凉州区	县区		
甘		620621	民勤县	县区		
甘		620622	古浪县	县区		
甘		620623	天祝藏族自治县	县区		
甘	张掖市	620700	张掖市	地市级		
甘		620702	甘州区	县区		
甘		620721	肃南裕固族自治县	县区		
甘		620722	民乐县	县区		
甘		620723	临泽县	县区		
甘		620724	高台县	县区		
甘		620725	山丹县	县区		
甘	平凉市	620800	平凉市	地市级		
甘		620802	崆峒区	县区		
甘		620821	泾川县	县区		
甘		620822	灵台县	县区		
甘		620823	崇信县	县区		
甘		620825	庄浪县	县区		
甘		620826	静宁县	县区		
甘		620881	华亭市	县区		
甘	酒泉市	620900	酒泉市	地市级		
甘		620902	肃州区	县区		
甘		620921	金塔县	县区		
甘		620922	瓜州县	县区		
甘		620923	肃北蒙古族自治县	县区		
甘		620924	阿克塞哈萨克族自治县	县区		
甘		620981	玉门市	县区		
甘		620982	敦煌市	县区		
甘	庆阳市	621000	庆阳市	地市级		
甘		621002	西峰区	县区		
甘		621021	庆城县	县区		
甘		621022	环县	县区		
甘		621023	华池县	县区		
甘		621024	合水县	县区		
甘		621025	正宁县	县区		
甘		621026	宁县	县区		
甘		621027	镇原县	县区		
甘	定西市	621100	定西市	地市级		
甘		621102	安定区	县区		
甘		621121	通渭县	县区		
甘		621122	陇西县	县区		
甘		621123	渭源县	县区		
甘		621124	临洮县	县区		
甘		621125	漳县	县区		
甘		621126	岷县	县区		
甘	陇南市	621200	陇南市	地市级		
甘		621202	武都区	县区		
甘		621221	成县	县区		
甘		621222	文县	县区		
甘		621223	宕昌县	县区		
甘		621224	康县	县区		
甘		621225	西和县	县区		
甘		621226	礼县	县区		
甘		621227	徽县	县区		
甘		621228	两当县	县区		
甘	临夏回族自治州	622900	临夏回族自治州	地市级		
甘		622901	临夏市	县区		
甘		622921	临夏县	县区		
甘		622922	康乐县	县区		
甘		622923	永靖县	县区		
甘		622924	广河县	县区		
甘		622925	和政县	县区		
甘		622926	东乡族自治县	县区		
甘		622927	积石山保安族东乡族撒拉族自治县	县区		
甘	甘南藏族自治州	623000	甘南藏族自治州	地市级		
甘		623001	合作市	县区		
甘		623021	临潭县	县区		
甘		623022	卓尼县	县区		
甘		623023	舟曲县	县区		
甘		623024	迭部县	县区		
甘		623025	玛曲县	县区		
甘		623026	碌曲县	县区		
甘		623027	夏河县	县区		
青		630000	青海省	省级		
青	西宁市	630100	西宁市	地市级	√	
青		630102	城东区	县区		
青		630103	城中区	县区		
青		630104	城西区	县区		
青		630105	城北区	县区		
青		630106	湟中区	县区		
青		630121	大通回族土族自治县	县区		
青		630123	湟源县	县区		
青	海东市	630200	海东市	地市级		
青		630202	乐都区	县区		
青		630203	平安区	县区		
青		630222	民和回族土族自治县	县区		
青		630223	互助土族自治县	县区		
青		630224	化隆回族自治县	县区		
青		630225	循化撒拉族自治县	县区		
青	海北藏族自治州	632200	海北藏族自治州	地市级		
青		632221	门源回族自治县	县区		
青		632222	祁连县	县区		
青		632223	海晏县	县区		
青		632224	刚察县	县区		
青	黄南藏族自治州	632300	黄南藏族自治州	地市级		
青		632301	同仁市	县区		
青		632322	尖扎县	县区		
青		632323	泽库县	县区		
青		632324	河南蒙古族自治县	县区		
青	海南藏族自治州	632500	海南藏族自治州	地市级		
青		632521	共和县	县区		
青		632522	同德县	县区		
青		632523	贵德县	县区		
青		632524	兴海县	县区		
青		632525	贵南县	县区		
青	果洛藏族自治州	632600	果洛藏族自治州	地市级		
青		632621	玛沁县	县区		
青		632622	班玛县	县区		
青		632623	甘德县	县区		
青		632624	达日县	县区		
青		632625	久治县	县区		
青		632626	玛多县	县区		
青	玉树藏族自治州	632700	玉树藏族自治州	地市级		
青		632701	玉树市	县区		
青		632722	杂多县	县区		
青		632723	称多县	县区		
青		632724	治多县	县区		
青		632725	囊谦县	县区		
青		632726	曲麻莱县	县区		
青	海西蒙古族藏族自治州	632800	海西蒙古族藏族自治州	地市级		
青		632801	格尔木市	县区		
青		632802	德令哈市	县区		
青		632803	茫崖市	县区		
青		632821	乌兰县	县区		
青		632822	都兰县	县区		
青		632823	天峻县	县区		
宁		640000	宁夏回族自治区	省级		
宁	银川市	640100	银川市	地市级	√	
宁		640104	兴庆区	县区		
宁		640105	西夏区	县区		
宁		640106	金凤区	县区		
宁		640121	永宁县	县区		
宁		640122	贺兰县	县区		
宁		640181	灵武市	县区		
宁	石嘴山市	640200	石嘴山市	地市级		
宁		640202	大武口区	县区		
宁		640205	惠农区	县区		
宁		640221	平罗县	县区		
宁	吴忠市	640300	吴忠市	地市级		
宁		640302	利通区	县区		
宁		640303	红寺堡区	县区		
宁		640323	盐池县	县区		
宁		640324	同心县	县区		
宁		640381	青铜峡市	县区		
宁	固原市	640400	固原市	地市级		
宁		640402	原州区	县区		
宁		640422	西吉县	县区		
宁		640423	隆德县	县区		
宁		640424	泾源县	县区		
宁		640425	彭阳县	县区		
宁	中卫市	640500	中卫市	地市级		
宁		640502	沙坡头区	县区		
宁		640521	中宁县	县区		
宁		640522	海原县	县区		
新		650000	新疆维吾尔自治区	省级		
新	乌鲁木齐市	650100	乌鲁木齐市	地市级	√	
新		650102	天山区	县区		
新		650103	沙依巴克区	县区		
新		650104	新市区	县区		
新		650105	水磨沟区	县区		
新		650106	头屯河区	县区		
新		650107	达坂城区	县区		
新		650109	米东区	县区		
新		650121	乌鲁木齐县	县区		
新	克拉玛依市	650200	克拉玛依市	地市级		
新		650202	独山子区	县区		
新		650203	克拉玛依区	县区		
新		650204	白碱滩区	县区		
新		650205	乌尔禾区	县区		
新	吐鲁番市	650400	吐鲁番市	地市级		
新		650402	高昌区	县区		
新		650421	鄯善县	县区		
新		650422	托克逊县	县区		
新	哈密市	650500	哈密市	地市级		
新		650502	伊州区	县区		
新		650521	巴里坤哈萨克自治县	县区		
新		650522	伊吾县	县区		
新	昌吉回族自治州	652300	昌吉回族自治州	地市级		
新		652301	昌吉市	县区		
新		652302	阜康市	县区		
新		652323	呼图壁县	县区		
新		652324	玛纳斯县	县区		
新		652325	奇台县	县区		
新		652327	吉木萨尔县	县区		
新		652328	木垒哈萨克自治县	县区		
新	博尔塔拉蒙古自治州	652700	博尔塔拉蒙古自治州	地市级		
新		652701	博乐市	县区		
新		652702	阿拉山口市	县区		
新		652722	精河县	县区		
新		652723	温泉县	县区		
新	巴音郭楞蒙古自治州	652800	巴音郭楞蒙古自治州	地市级		
新		652801	库尔勒市	县区		
新		652822	轮台县	县区		
新		652823	尉犁县	县区		
新		652824	若羌县	县区		
新		652825	且末县	县区		
新		652826	焉耆回族自治县	县区		
新		652827	和静县	县区		
新		652828	和硕县	县区		
新		652829	博湖县	县区		
新	阿克苏地区	652900	阿克苏地区	地市级		
新		652901	阿克苏市	县区		
新		652902	库车市	县区		
新		652922	温宿县	县区		
新		652924	沙雅县	县区		
新		652925	新和县	县区		
新		652926	拜城县	县区		
新		652927	乌什县	县区		
新		652928	阿瓦提县	县区		
新		652929	柯坪县	县区		
新	克孜勒苏柯尔克孜自治州	653000	克孜勒苏柯尔克孜自治州	地市级		
新		653001	阿图什市	县区		
新		653022	阿克陶县	县区		
新		653023	阿合奇县	县区		
新		653024	乌恰县	县区		
新	喀什地区	653100	喀什地区	地市级		
新		653101	喀什市	县区		
新		653121	疏附县	县区		
新		653122	疏勒县	县区		
新		653123	英吉沙县	县区		
新		653124	泽普县	县区		
新		653125	莎车县	县区		
新		653126	叶城县	县区		
新		653127	麦盖提县	县区		
新		653128	岳普湖县	县区		
新		653129	伽师县	县区		
新		653130	巴楚县	县区		
新		653131	塔什库尔干塔吉克自治县	县区		
新	和田地区	653200	和田地区	地市级		
新		653201	和田市	县区		
新		653221	和田县	县区		
新		653222	墨玉县	县区		
新		653223	皮山县	县区		
新		653224	洛浦县	县区		
新		653225	策勒县	县区		
新		653226	于田县	县区		
新		653227	民丰县	县区		
新	伊犁哈萨克自治州	654000	伊犁哈萨克自治州	地市级		
新		654002	伊宁市	县区		
新		654003	奎屯市	县区		
新		654004	霍尔果斯市	县区		
新		654021	伊宁县	县区		
新		654022	察布查尔锡伯自治县	县区		
新		654023	霍城县	县区		
新		654024	巩留县	县区		
新		654025	新源县	县区		
新		654026	昭苏县	县区		
新		654027	特克斯县	县区		
新		654028	尼勒克县	县区		
新	塔城地区	654200	塔城地区	地市级		
新		654201	塔城市	县区		
新		654202	乌苏市	县区		
新		654221	额敏县	县区		
新		654223	沙湾县	县区		
新		654224	托里县	县区		
新		654225	裕民县	县区		
新		654226	和布克赛尔蒙古自治县	县区		
新	阿勒泰地区	654300	阿勒泰地区	地市级		
新		654301	阿勒泰市	县区		
新		654321	布尔津县	县区		
新		654322	富蕴县	县区		
新		654323	福海县	县区		
新		654324	哈巴河县	县区		
新		654325	青河县	县区		
新		654326	吉木乃县	县区		
新		659001	石河子市	县区		
新		659002	阿拉尔市	县区		
新		659003	图木舒克市	县区		
新		659004	五家渠市	县区		
新		659005	北屯市	县区		
新		659006	铁门关市	县区		
新		659007	双河市	县区		
新		659008	可克达拉市	县区		
新		659009	昆玉市	县区		
新		659010	胡杨河市	县区		
台		710000	台湾省	省级		
港		810000	香港特别行政区	省级		
澳		820000	澳门特别行政区	省级		
